#id redshift distance galex.FUV galex.FUV_err galex.NUV galex.NUV_err sloan.sdss.u sloan.sdss.u_err sloan.sdss.g sloan.sdss.g_err sloan.sdss.r sloan.sdss.r_err sloan.sdss.i sloan.sdss.i_err sloan.sdss.z sloan.sdss.z_err 2mass.J 2mass.J_err 2mass.H 2mass.H_err 2mass.Ks 2mass.Ks_err wise.W1 wise.W1_err wise.W2 wise.W2_err wise.W3 wise.W3_err wise.W4 wise.W4_err spitzer.irac.I1 spitzer.irac.I1_err spitzer.irac.I2 spitzer.irac.I2_err spitzer.irac.I3 spitzer.irac.I3_err spitzer.irac.I4 spitzer.irac.I4_err spitzer.mips.24mu spitzer.mips.24mu_err spitzer.mips.70mu spitzer.mips.70mu_err spitzer.mips.160mu spitzer.mips.160mu_err herschel.pacs.blue herschel.pacs.blue_err herschel.pacs.green herschel.pacs.green_err herschel.pacs.red herschel.pacs.red_err herschel.spire.PSW herschel.spire.PSW_err herschel.spire.PMW herschel.spire.PMW_err herschel.spire.PLW herschel.spire.PLW_err
NGC0584 0 19.95263191 0.620234082816 0.0887556266088999 2.07356470212 0.142392024872 35.421674244 3.02621058873 171.536679132 1.73911983459 339.973109704 3.7978948659 490.6976437 6.34721937427 607.2424046169999 6.88277507411 975.329327066 33.1446705643 1146.2337512 70.3051140165 811.7275001510001 36.2578155549 403.613053104 12.5577017216 208.154007393 8.888274578039999 97.4543630278 11.0698921524 21.477736419400003 32.9678140784 NaN NaN NaN NaN NaN NaN NaN NaN 88.4509616263 15.2727668513 NaN NaN NaN NaN 6135.73861161 1432.48959908 5691.21733286 1890.06275981 2893.12645523 916.770993106 783.376931425 365.780968599 353.564684429 294.936518571 102.643637381 109.527805648
NGC0586 0 24.93173129 0.231760341509 0.0285809916069 0.509059212112 0.0540902586425 3.92603960904 1.50973171251 15.1392037091 0.316272035455 29.187344895600003 0.5940528073929999 41.518222413 1.13862523517 52.056089024200006 2.5821598079 74.7193177361 6.7388386273 104.850176764 25.6001959019 67.9407748768 16.460323139 34.8654185927 1.45294391199 19.2384690674 1.6646027648 28.6973456306 3.40321506588 36.9323313231 7.07812095428 NaN NaN NaN NaN NaN NaN NaN NaN 28.5537438096 6.38555190204 NaN NaN NaN NaN 505.93567834 812.561029568 837.13108766 516.396852332 1596.12330131 199.816540738 933.594589222 112.204361566 430.023547064 83.5706524232 143.357722642 44.7620266656
NGC0678 0 27.87 0.543844414589 0.790122171219 0.8625535329499999 0.16282678954 4.24848474468 5.8900892647 37.5897273751 2.04148472419 85.4787118158 3.12308885388 132.932575133 5.21086947764 179.42151173000002 7.03741444436 274.943768071 13.6789669693 309.710684542 68.5941114232 313.783516712 53.874529355 135.551984253 4.60099888665 74.29979035379999 3.61625415603 82.3267066181 9.64750554173 77.0020179425 14.0709708121 NaN NaN NaN NaN NaN NaN NaN NaN NaN NaN NaN NaN NaN NaN NaN NaN 1223.8556647100002 287.97441062 3233.41325582 337.464977875 2164.55866535 303.439767742 1012.79626869 168.511282444 293.963453485 99.4568502838
NGC0855 0 9.638294808 1.43853393891 0.0776120677355999 2.96312625028 0.118232584939 10.9610624151 2.83949166851 32.9870620982 1.69683650253 53.8241832777 1.2563815813 69.5054189049 2.31609579428 79.71926056059999 4.7429716562 98.284175031 16.9469282759 148.865706539 83.4801271696 111.307317707 33.6257122992 44.2287114283 2.4703039573 23.6125260359 3.00336225699 39.3150237083 5.94188562993 107.509791393 14.6381277304 44.5030094494 1.84607960003 29.681669479 1.16953361737 34.8129891156 4.78146138969 46.9723027899 1.7564858529 82.3800959654 6.01586435044 NaN NaN NaN NaN 1862.54174206 373.114377382 2728.88616282 678.631371155 2102.08465542 469.056795434 1095.84075454 229.814846504 473.828801652 119.802496591 147.40654695700002 75.2170070214
PGC008962 0 30.50245767 0.635989724454 0.0356767665006 0.807483172896 0.0420698825095 0.994889114224 0.2607755279879999 2.8182148659 0.270133099193 3.47584038151 0.449995391272 3.85622251319 1.0667655402899998 3.67225384434 1.80884714976 4.729341451 6.40678045298 6.24792953667 16.2834256839 10.6294607305 11.1714311611 1.94180334071 0.8523766264939999 0.34546113123 1.08017355057 6.564540309530001 5.7325768027 -1.01484245929 7.24437764496 3.8402317463 1.4070291794999998 2.63613310143 1.2220021840400002 4.210581930689999 2.72985192566 1.38619797296 1.26233311696 4.96056164831 2.59858347398 6.253808037490001 27.9393583268 80.1207953227 75.8573736088 NaN NaN NaN NaN 45.8641913101 397.613790859 64.4338659612 93.8694855167 30.5775731096 69.2974803421 -0.249727516373 44.8592236372
NGC0895 0 35.31834428 7.97601577753 0.3600556738479999 11.0779572731 0.304727260329 24.2023343857 4.03052433261 62.58298715379999 1.43703132873 93.0931191106 1.42075036894 116.09269288 4.6073846586 129.430042494 3.93836331699 187.8597284 27.7407005929 335.391089873 112.366132145 209.207351311 41.9026171423 77.21753551660001 2.94860278104 42.4615417207 1.86470709962 186.789049525 9.405040537980002 229.799957486 17.0887336294 82.1817553212 3.53218170587 56.9318162016 2.4887091639800003 88.6626907086 7.96371287613 215.345059646 7.62640288421 183.575994241 11.5858261729 1779.01888542 183.704636633 10368.5912874 1260.40077969 NaN NaN 7092.5995111600005 1261.84714493 10428.6012236 1228.6405629699998 6253.73362422 395.494319991 3173.13933228 220.374067107 1318.5434365 125.751241508
NGC1189 0 33.60185691 1.29823207472 0.0702905648434 1.65309950187 0.0661444509655 1.40573382645 3.75993625324 12.359115752 9.35352406654 17.6321612333 8.43698118297 20.3454646779 10.2011971503 -1.89255596987 31.9439638862 0.27073466631 9.74294763551 -16.2972023896 34.006169124500005 -13.1344717514 13.826471854 15.531686079 0.986049975727 7.960439621350001 1.7558371165000002 20.4871329671 7.85122484644 13.9253766367 10.4974029782 NaN NaN 10.2780732925 1.07815034849 16.4490996677 5.18657128362 22.4364658211 3.32431476498 5.44340056378 30.593867629 NaN NaN NaN NaN -311.142011364 747.613359408 NaN NaN 700.223245943 680.732518467 934.685577779 165.069474686 569.300166521 100.870849077 277.207542694 61.4393687203
IC2233 0 13.99587028 6.2666418442100005 0.294770948812 7.850368600359999 0.220213126687 15.6901283208 1.14261965105 31.8759207705 0.901451284304 44.1808453679 1.84252443841 65.2445580994 3.73767096337 52.3006199538 10.3493982616 68.1825327826 17.6381679119 50.40815651250001 38.982422142 68.2233096439 24.355428835 33.16463577179999 2.53717755592 21.1452864058 3.94384511496 15.7588657436 11.360907125 10.8222618395 17.9225495705 28.3137660595 1.21211697941 20.6409247876 0.976009899216 14.653885528499998 1.28035907266 20.5036074593 1.91915181914 38.8809057437 3.47542764068 NaN NaN NaN NaN NaN NaN 2121.9826835900003 374.612015291 1451.3523168 429.711682226 918.68274478 384.630178521 506.063925453 202.170860675 263.030510862 135.923475357
NGC2685 0 13.27 2.2358329001 0.115650212204 3.38959416732 0.131887906092 22.1411557051 1.51222134441 80.7784767033 2.06688670236 152.865972266 2.32845128203 224.811494799 4.14362530139 258.62962548 6.66208392316 339.045983625 17.9214087193 386.632552656 39.7886008094 325.198382454 38.2832297331 159.370998855 4.94166472479 94.6217731983 4.45250562378 157.95468527199998 11.08787735 112.381125262 17.8945187667 154.734449005 4.97735102596 94.9965656865 3.2477991389 NaN NaN 137.80361594599998 6.83577701829 NaN NaN NaN NaN NaN NaN NaN NaN 1459.44344124 633.214316887 4488.66210744 955.671740119 3385.99149287 392.592730676 1614.59423778 257.814015174 575.954845168 77.5022856622
UGC04684 0 37.77990169 1.8419118341 0.083087462706 2.57883752601 0.0706007184131 3.69109779202 0.17581449199 9.44124175726 0.182204705337 13.6713390005 0.2391765565449999 18.108463655 0.492316272948 13.1630447255 1.29031164311 10.5115958127 2.1710689429300003 9.10689359205 3.87087978727 6.82389019121 3.67701073185 22.0119429771 0.783846318186 12.7164408468 0.62800607786 14.0846301656 1.26793377929 25.2303650451 3.66810043271 NaN NaN NaN NaN NaN NaN NaN NaN NaN NaN NaN NaN NaN NaN NaN NaN 1115.8277162000002 154.03590569 1045.00532539 132.376388698 633.037123196 51.5684942086 341.660027328 34.5824678057 158.52806958999997 31.6342386539
NGC2841 0 16.36815573 12.8137900425 0.738453193328 20.1739576353 0.671526542364 115.926070665 25.5785525002 527.2392278240001 29.27256118 1036.69855578 44.7369348395 1527.0478981 88.8048049567 1957.3095048 321.474976275 2547.07142612 56.9172676748 4057.08982578 551.340104248 2769.8962387 347.503429233 1377.55738786 44.5497912445 751.78119691 28.8352089292 1015.48631849 227.874325131 1278.3006994999998 389.962407586 NaN NaN NaN NaN NaN NaN NaN NaN 939.692421345 52.0108422618 NaN NaN NaN NaN 9601.889226480002 2844.4120193 30309.3724802 4126.9427030100005 46134.2844019 4144.83941499 33269.1398969 1930.33272199 16156.7968399 941.964111951 6378.72240914 438.755367862
NGC2976 0 3.580963553 21.5614138452 0.97249369243 31.140002908000003 0.84805400126 104.906093609 2.19187403859 283.676897185 3.29548525351 468.938792093 5.93912472772 596.945011755 7.23157600059 697.5604854960001 10.3846872782 778.6681994759999 20.2203760499 758.807481324 55.2066442057 711.7939862879999 23.9724546648 364.852960733 11.213207129 225.742651853 9.69357988394 916.701802009 47.1772533774 1455.34125354 88.7182032378 NaN NaN NaN NaN NaN NaN NaN NaN 1384.1703722900002 72.8406702446 NaN NaN NaN NaN 20773.7820899 2665.14701662 38291.8797456 3703.81534581 48642.1041323 4314.09552762 23085.2046252 1764.29470956 11122.0538636 1013.99467895 4634.04743099 538.4474371020001
NGC3049 0 17.86486979 3.1235372319200003 0.142786363646 4.775092655320001 0.139695712205 10.9705410353 0.810031892796 26.8500874918 0.607303285305 43.4542381819 0.812826729752 56.1693777835 1.09014344327 62.6600974452 2.90492823087 81.7494460867 12.727444513 53.4916758073 44.0025504025 75.8814238944 18.9948569118 42.0488367805 2.12843099704 25.9243467977 2.28912709705 128.48039987 8.01344209354 465.945550471 28.9712516563 44.6317642684 3.09272012162 30.4028239118 1.38497455464 66.9942139525 31.3690917778 132.650212968 4.15622824552 434.338756191 22.2147936313 NaN NaN NaN NaN 3642.4001936 612.541718727 6162.8183012 817.645525622 5095.24823715 516.222636455 3014.22804573 254.63330686000003 1603.38804175 153.95124495500002 800.6869545110001 106.444218373
NGC3031 0 3.597495279 170.543751139 7.70109356422 237.78787585 6.58855762998 1986.01189613 66.627290977 4781.29942922 47.0735647632 9385.90131804 83.34119872740001 13594.9540746 116.763258021 18342.5842754 183.19639582 15599.437029 343.085082875 20718.0916156 704.636476399 16022.6581304 450.601590144 11070.6361979 321.984018541 6056.52950649 208.071467032 6728.19779244 500.901265009 5835.28360792 587.81343586 NaN NaN NaN NaN NaN NaN 6494.79302698 547.691512934 NaN NaN NaN NaN 356355.216664 47896.4008121 86625.5988604 10495.260664 NaN NaN 267536.9303 24207.8558754 178803.67703 18743.114084 91413.1063261 8622.118395239999 37940.2807599 4391.91546274
NGC3034 0 3.614099357 35.4287382634 1.8990485532 83.3297701758 2.38896159368 894.157266986 115.346359744 2006.01015693 226.191210054 3645.85406268 202.369005153 4869.30273443 249.871382702 6039.18665503 476.302961469 7619.05058376 159.652924942 9389.89552056 312.079637632 8912.92444358 199.467496602 6277.39805543 183.146659427 5232.7141443 179.073888681 43355.9701888 2000.5419363 162976.284577 9130.713000049998 NaN NaN NaN NaN 19535.4167563 767.2344466410001 33115.939731 1007.48732407 NaN NaN 824821.818464 82590.5662318 NaN NaN 2105603.78444 147567.972607 NaN NaN 1455408.3900799998 102220.047507 451464.19027 25302.1862681 158710.54528700002 9551.22488281 47014.294431400005 2777.5714625
UGC05340 0 12.76438652 3.10264596406 0.140161548687 3.2150632135 0.0910054076512 3.976588634430001 0.364172675731 6.8915958474000005 0.627022396003 7.195936973899999 0.652775418538 7.3770572518 1.3385151186 9.75284829068 2.88216393574 9.98317968394 6.71556939074 30.3789569347 18.5753778677 17.3477105302 12.4645251789 3.71842547901 1.10644100231 1.7881455555 1.1092888948700002 1.07178600917 2.71452891956 -5.50018936295 6.3309097789 4.42862642848 1.1809611987400002 3.15509443844 0.4810340689649999 -0.310273737513 1.0536599462 NaN NaN 12.6378033992 11.5419604073 NaN NaN NaN NaN 118.440241829 72.90412723460001 NaN NaN 147.34600584999998 179.543271897 91.0106290732 76.0587513783 26.0185377614 67.6707044552 6.53423755996 38.4733761677
PGC028759 0 3.837073432 0.244143409018 0.0335735279942 0.285376764247 0.0337502394863 -0.492597278163 0.6541169004090001 -0.414269721036 0.502489685507 -0.0259146772840999 0.929073860654 -0.33811267643 1.98019298956 -2.15911694424 1.7063870595 -5.21259229292 5.43768975304 -5.56786765214 6.01986694705 -5.46456043937 5.0331543747400005 0.0203847258022 0.592542883398 -0.578690414905 0.935445359845 -4.17111939904 4.10080085159 -7.799261235 11.4047376734 0.119618026434 2.34299882148 0.80561220148 1.17577733355 -1.20367237848 6.03915781725 -5.74455961188 3.66928106695 -5.05785934878 3.82731572624 121.853365818 94.8116656297 -422.28783644 454.955054188 -311.278523847 361.703740245 NaN NaN -487.075334311 430.419626262 -208.549375331 188.448992442 -62.441148983800005 139.10152489499998 -3.70509220221 56.9943637307
UGC05373 0 1.438798553 11.7500651999 0.534611644563 15.6270607183 0.464614797646 25.2988947176 1.64261603608 88.6463666025 2.7182549884 115.974501006 2.59464420653 139.65419440999997 4.21158824858 184.951695791 9.60954277092 95.1532250862 34.7340153209 201.580200192 69.74804348330001 285.710148541 51.54518512520001 61.4587683123 5.05341981509 40.2837027998 7.88939071738 15.8817005728 15.6201555875 17.7733892396 34.9470305714 75.3323080651 7.14424658391 40.4032589651 8.084420591159999 -20.9214896096 29.480583933 15.765790545500002 9.1672470394 64.58372725890001 17.2760765806 NaN NaN NaN NaN NaN NaN 1720.7218974 1997.73081969 44.3583532059 4832.52249506 777.4178869350001 394.953096722 575.537341706 246.163881517 277.376211427 203.270050259
UGC05423 0 8.871559185 0.770205289131 0.0389339457935 1.01847119581 0.0417030258968999 2.56006164053 0.7665787623310001 6.22376202581 2.33760417651 9.34042781181 3.53234627272 11.2033103627 3.9680098466 12.1191745409 4.32930369126 12.0305007289 2.86228568298 11.5622250565 6.81621759295 15.5079868796 6.22891787357 6.27422527878 0.6764688766320001 2.98606698897 0.894748548528 5.02631832837 3.71490763918 18.5052396589 6.42893097497 6.49541587355 0.868559953611 4.08192375285 1.01057533561 NaN NaN 3.27260999363 1.2319005750999998 7.824021535780001 4.21011074134 NaN NaN NaN NaN -103.233141699 412.792379324 516.884510073 387.81858212 194.09560841 413.057466745 268.219128693 134.249069538 160.550311303 105.291268843 61.2957979566 46.1218107885
NGC3187 0 35.17 3.0867524369400003 0.149940037102 4.04408790444 0.128532400362 6.97866448232 1.4801418574 16.614657829600002 1.35808206326 24.6333946493 3.189292584 28.798951446 4.33833357201 31.578675840500004 5.54792317985 41.8802965491 19.0631224065 43.6628691013 64.84152305090001 30.9340193886 37.7773757355 23.6075046707 2.57136104127 13.7759879848 3.0801200407 55.074070836 7.61340974137 92.3088956336 13.106857447 21.4070177448 1.54190479014 16.3083224046 1.4860389425399998 25.1250622399 4.37136375224 67.6673774214 2.87006785109 87.9826297389 22.251584589 NaN NaN NaN NaN 885.869944103 534.304331511 3080.93921551 638.687231108 4117.7371424600005 402.427033354 2549.35773836 194.100389926 1492.83820447 120.874318978 699.057152026 77.969478536
NGC3190 0 24.32204885 0.295660769339 0.106107890958 1.80455439911 0.237658555398 23.0926166361 2.26829118073 110.878424029 3.10236472546 225.293958241 6.28819293902 332.51171871500003 8.78814321876 432.736467527 37.3553617913 712.552414775 61.4215479128 977.938854514 136.641540925 755.7610965529999 127.977430294 360.41447039 11.4343412939 202.863286996 8.36408095055 305.67354527500004 18.0679725452 263.99760661100004 23.6946465539 352.221027214 11.3310013313 224.18262128 7.464929375830001 138.327018395 14.7347701884 297.028453528 9.85775888149 268.082416384 19.4007615387 NaN NaN NaN NaN 4997.33813953 1107.80299328 11720.8375069 1747.36651826 14689.2996017 1360.37567721 8016.898395249999 502.345901176 3355.61323842 499.529221645 1057.03685172 187.933328004
NGC3184 0 11.64125989 38.5389409181 1.78496148022 46.4843737861 1.4200771770399998 114.393829759 10.0312750565 334.490135869 5.97790628654 519.396820941 9.63417564716 680.01031949 18.132842143 661.4579290869999 40.907063411100005 1075.56940679 136.41554412099998 1114.38001369 263.399952973 860.801969344 260.317729374 494.140730446 19.4115678524 301.254553948 15.8821185987 1256.68180645 60.5427992101 1454.80732431 89.85500827589999 509.07842036 17.7556962757 335.668944112 11.297790583 157.305126924 17.1371899035 1284.03903823 39.4051949442 1262.09967005 76.2128575549 NaN NaN NaN NaN 19813.5281331 4403.76463102 36288.6164877 7599.92462506 53537.6641136 5939.577242910001 32505.1441496 1892.23862885 15169.423633699998 910.309112938 5991.13700688 462.464544087
NGC3198 0 13.99587028 22.2830052941 1.0147147507 29.297079261 0.844031865507 61.9974580703 13.4579286399 175.74376598 7.74360391559 275.328822458 9.74633473891 355.335171114 27.497292805 411.176990718 81.9037909837 578.6098357540001 122.208780751 912.696661402 744.8485168770001 737.850815155 263.386326065 278.076940872 12.4705273977 166.789213986 10.3071034447 671.902079291 35.3875289815 1017.03810697 68.9529443707 NaN NaN NaN NaN NaN NaN NaN NaN 1097.2295858900002 59.7817698197 NaN NaN NaN NaN 11626.508369 1981.04168178 25508.651739 2296.6696924000003 30277.922236 2317.71843754 18566.6507965 1062.47644057 9603.65520127 569.288208422 3901.17446534 242.283177333
NGC3254 0 36.30780069 5.54954102233 0.25900772034 6.723600477220001 0.196081866619 19.0898339381 3.94984772953 57.4845741171 3.73205898012 94.4136930652 2.94053228175 127.397173769 11.4225178606 149.21997236099998 12.2364460113 208.585149217 17.007538803600003 246.292137382 32.9729783225 176.85722341599998 24.6636150196 98.2394682572 3.3899404976 55.6872460387 3.28081673517 102.488049412 8.0112983906 92.6337972525 20.3328972223 94.4698841085 2.91271330034 59.5517018318 1.97441033287 71.1162036048 7.11040017459 112.576136616 4.5097120766700005 95.9799393991 6.1445543071 NaN NaN NaN NaN NaN NaN 3198.19265462 719.873639852 6054.70810399 676.029049827 3935.84065855 277.598980849 2157.86758397 327.919669874 1047.96749255 71.1708475582
UGC05720 0 24.9 3.92047587171 0.1799093666349999 5.42103757699 0.151207287004 10.0578267416 0.5422747466540001 20.5283993888 0.5002017788869999 31.3434981552 0.865098486053 35.8505749428 1.45629026214 39.8641223932 2.32004599549 62.5538759556 8.22694302305 100.945533067 24.5364397854 78.6243804692 12.1056656962 26.2810264934 1.27883956689 16.6612991943 1.72807448178 170.54381183799998 8.28618364783 875.326725481 49.612727924 28.3246582688 2.0874552728 20.4294958344 1.09430790867 24.7603349124 6.54327411941 NaN NaN 880.9742237080001 44.2618637668 4086.65682636 421.744953875 3421.60433916 418.655891784 4669.47184244 767.043014396 5240.570834409999 697.2502410530001 4508.025839970001 782.388237763 1564.79220486 192.258449895 700.1674911709999 92.5674221128 289.81040261500004 51.6522018896
NGC3277 0 25.0 1.62362440391 0.3581079746359999 2.97829512354 0.140346442794 16.6894738668 1.07737759474 63.9761752145 0.767047036082 115.696047911 1.25117253298 160.101004856 2.23676193807 185.129365627 6.37893840374 243.402703415 13.6090639842 295.800400716 25.2138295686 239.338267125 18.8611786876 115.231413627 4.11165341557 59.8982343756 3.46555717436 70.6633764729 7.11239185914 63.3317062609 17.5881736391 NaN NaN NaN NaN NaN NaN NaN NaN NaN NaN NaN NaN NaN NaN NaN NaN 1187.18872991 1436.41651865 2354.03244622 2003.55563405 1428.8839182299998 191.400207464 595.689746314 177.812813118 263.93601752 122.059213518
NGC3287 0 13.99587028 3.36102295277 0.219691058945 4.50298987696 0.137142834045 12.6600391167 1.78315297419 31.5194813903 0.841908226723 50.5428612034 2.03041210715 61.6764379877 2.34652484106 51.0884596754 8.319653212999999 88.3411603867 12.6047039619 91.380370681 39.8785019296 69.8940788179 20.9559495808 47.4377743336 2.2298493025500004 28.2669182778 2.8831364935200003 122.982898449 9.79245325176 182.040946581 19.5621762307 49.9862889891 1.82584343458 33.8856306524 1.2861518141 NaN NaN NaN NaN NaN NaN NaN NaN NaN NaN NaN NaN 4234.81636802 619.857166952 5517.066219400001 776.3507396809999 3685.84688013 214.94987795 1779.71362445 122.026546269 696.725249562 62.2682085829
NGC3294 0 30.06074137 6.11414729242 0.2801956398769999 9.65264243141 0.267952494982 28.7928585726 1.48256065403 86.4328012899 2.00578391344 147.454584619 1.918352592 198.856960965 3.58754375491 238.85768485 5.72226587014 336.336588243 19.7871490815 426.1396910410001 55.7489268709 347.96813718000004 33.7514241601 179.46191081 5.76805526529 108.858039565 4.73223351495 541.34015936 25.5294326547 732.674458179 43.0827888624 173.797870542 5.2839495984900005 116.273887129 3.68682279143 NaN NaN NaN NaN NaN NaN NaN NaN NaN NaN NaN NaN 19334.0240883 1852.12965258 22893.2380453 2091.93461411 12505.4596927 694.608670457 5350.07566017 302.348271684 1938.15658792 115.921177807
NGC3301 0 25.15 0.702093431862 0.0607289873903999 1.03262915744 0.0756850372702 19.0421295665 1.1923767603 67.6078843465 0.8691257384390001 128.256863816 1.36838880944 181.901851444 3.7456487372 215.737632445 3.96693883817 296.53859570000003 19.0398539872 303.520938756 39.0229949546 233.897638245 29.2302678216 138.075403143 4.39260708301 78.8411076419 3.3973943016600003 35.0380207238 5.64569805334 53.7195040662 19.7537917045 131.320718444 4.00521877925 83.4669187812 2.59962458473 NaN NaN NaN NaN NaN NaN NaN NaN NaN NaN NaN NaN -78.4115910014 417.627736597 612.057214131 560.990879623 313.73737725 77.99275835739999 103.727549995 49.5547758817 35.0360022754 27.8047198045
NGC3338 0 23.33458226 16.3968820043 0.89729905513 19.8104844508 0.546307756906 54.2777146335 1.77027527487 138.47677459599998 2.54231272393 223.65904826 2.92586538186 318.07141285 4.22398489941 331.355936278 9.62886457748 367.900913886 21.1055067571 276.59830509200003 84.55426069910001 9.17330373571 41.1547774683 195.363092608 7.09336364835 106.079579419 7.396137007809999 453.38202698 26.6488733827 447.21269723 40.4521988667 NaN NaN NaN NaN NaN NaN NaN NaN NaN NaN NaN NaN NaN NaN NaN NaN 14572.163011 2961.22270428 20127.5848531 2889.21027008 13283.0022648 783.113500799 6603.00026955 417.102879784 2604.74131292 198.753339291
NGC3351 0 9.908315184 17.1660293451 0.848398956298 29.1986649631 1.01798591087 97.6661335859 15.7845453515 359.274491485 14.0889496369 661.142121289 24.0276706198 925.531586271 33.9372296641 1132.33676006 47.4576454255 1636.3349675000002 146.488605981 2010.47586999 462.627960857 1590.74350929 249.094814852 776.785980386 39.8068075186 414.360213449 28.7803750387 1263.97733186 102.785352722 2522.8441791 245.34843505600003 NaN NaN NaN NaN NaN NaN NaN NaN 2390.97511141 125.557546165 NaN NaN NaN NaN 31348.044873500003 6513.074023149999 52811.6088377 7199.5452283 53914.1004123 5134.73155372 31329.5664245 1771.1203074599998 14114.8493127 860.7783469369999 5185.11823278 411.655658763
UGC05846 0 19.3 0.911853136994 0.0439109037125 1.06064828655 0.0355199870539 1.84025913299 0.3008327077959999 3.96303968723 0.343369861238 5.12550517657 0.606628338257 5.16267015291 0.893065801262 7.24748632363 1.79559293293 7.76379089427 4.93664860729 -24.8807957419 14.2882596548 3.32674610415 8.17021373557 2.90328881187 0.850600828981 1.2628397933000002 1.37082533421 3.68431879721 2.1276395041700003 7.45852787168 6.66122329349 2.8784002335 1.55796903368 2.22064395637 1.13450233242 NaN NaN NaN NaN NaN NaN 20.9932866814 29.4442420736 NaN NaN NaN NaN -1357.44224294 1137.20562838 734.2274617559999 1225.86585546 35.4462282066 89.78819801350001 26.7069750513 84.6613910291 30.5684568459 46.4809807133
NGC3353 0 18.94 4.87901835159 0.220508961034 6.10481819149 0.167548473762 12.8540875364 0.749196246367 25.9508116833 0.391393067539 35.5783626036 0.6312997735229999 39.5976393642 0.919810377439 42.8148594552 2.15150860843 59.3275550892 6.55686356105 73.76802193030001 23.3942096287 53.2960300399 19.4968489795 27.4224855858 1.24514739847 19.2682880296 1.30681928823 183.130052039 8.79995459329 895.9711823370001 50.6584888534 29.5586540083 1.68277506652 22.5663489532 1.54134377392 1.37961203313 15.1269165878 119.686102109 4.3880391772000005 884.777660613 45.445848577 5185.74894572 563.3712449540001 5755.0059381 699.678685116 5624.24715038 785.280857385 5509.18850947 1384.62951744 4638.00883542 874.027976115 2132.69758647 157.423459292 927.853183075 102.246892949 333.72824880200005 50.2067067977
NGC3370 0 29.78516272 6.84064603645 0.3117661966369999 8.654344758459999 0.243025357876 20.6963906687 1.35550189672 49.0537781706 0.927213123723 73.7439281913 1.34615421801 91.363944081 2.10194789125 101.893189626 5.10665088996 146.303002224 13.4357148224 177.667580648 41.9339203739 139.324760766 15.86020612 72.59112783719999 3.08240637977 45.3145751767 6.55220855317 293.103792182 16.0136459335 406.407858407 29.1864789957 75.784186019 2.5195774835 52.3507239551 1.83097158036 122.524008603 4.10029163534 329.000873437 10.0002914313 388.914329372 20.1807790902 NaN NaN NaN NaN NaN NaN 11302.681443 1104.67154418 11143.7622077 1125.6720550399998 6705.2980577200005 396.912926273 2983.13780672 193.210022532 1197.1298344400002 94.9077301774
NGC3380 0 6.982321833 1.48161109473 0.0730401429658 1.97065229537 0.0641744713251 7.06235647172 0.362090773067 23.7509367908 0.368271363274 41.4145090428 0.48566333041 56.3763084381 0.871346963307 68.2267636123 1.81671290902 91.8835154192 4.49605958277 107.08857345 10.5211456533 86.3079819425 6.62819473371 42.6956573298 1.49235184008 24.290643873 1.18997025297 49.1350680175 3.1189043488 69.1467797521 7.113920028770001 41.2583391197 1.59010490161 26.6150818994 1.03487215533 NaN NaN NaN NaN NaN NaN NaN NaN NaN NaN NaN NaN 778.487293292 635.453711151 2390.47312834 558.794460644 1184.78228403 118.062568059 542.030893377 91.4352469715 225.892421497 41.1187972911
NGC3381 0 28.74112507 4.54522060347 0.207957998613 5.91136522513 0.163680961631 12.1176208081 0.743554463127 30.7925808556 0.560837577739 45.1947950425 1.09001073467 56.0413644246 1.68300325521 57.1382400227 3.92821446019 76.3546610769 6.85474790225 114.731483675 38.4482538863 67.2102538111 14.6774643421 36.1104768966 1.7092745357 20.71545467 1.72264495005 108.11818479 5.7256865154900005 156.125532026 14.6027906565 36.0510375455 1.89831374675 25.0270549534 1.2859297846700002 52.4292396631 2.50886070129 120.488880013 4.122655299000001 NaN NaN NaN NaN NaN NaN NaN NaN 4114.5397247 1338.7268708 3324.20951608 770.957830584 2740.66162849 209.882282948 1235.03630678 146.96770576699998 467.995758616 65.7833019272
UGC05958 0 23.44228198 0.32940504541 0.0249005573061 0.245739735375 0.0265694266627 1.46426920001 0.215412972901 4.364470439910001 0.318573207072 7.825390114959999 0.497953953377 11.0427136873 1.04063688147 13.197428682 2.07578350317 16.3246812274 5.17630193586 17.2580102029 8.07203371834 16.9288051719 6.50594504151 10.4810648489 0.6975179010960001 5.54066666802 0.814599415945 12.0175875749 1.88169163719 11.3765344985 5.4390081083 10.6421244426 0.6803354348730001 6.73579629422 0.541306377863 NaN NaN 13.468323716 0.67593125363 NaN NaN NaN NaN NaN NaN NaN NaN 448.799994459 334.238462733 1025.85888423 449.831821647 616.826517088 90.2299395685 389.69767982 69.1904407627 193.413732006 27.5857220135
NGC3424 0 29.23 1.35986833367 0.0869950677071 2.45317253786 0.0920065377357 8.66171458678 1.77815214298 30.1464631989 0.926125485849 55.7081989818 2.02417779568 79.23520470000001 2.99952931672 98.7091316273 5.29018251155 170.302216375 15.4872619345 228.028356327 27.0851116334 187.626635276 27.6451206469 117.176634499 3.75145107684 66.4907865456 2.91222658806 402.238747871 19.3782945993 757.04196488 44.0329897267 105.002373564 3.29073428658 78.45392661769999 2.55322310932 169.754117688 8.25390210336 496.257549901 15.2395074827 724.245611451 36.5090736463 NaN NaN NaN NaN NaN NaN 19936.6375643 1635.11802215 19707.9390193 1450.84242972 9240.28876748 531.477080458 3870.58277286 240.581278298 1394.09843376 103.842278076
NGC3430 0 30.19955169 7.70272073741 0.372511530835 10.8672344042 0.302178180447 22.0914729253 3.51866667474 63.9295384149 1.15100394928 100.18188549 2.84953744389 126.617385783 4.88529401717 140.373451866 8.94942744992 185.619364891 18.8040140308 213.399780335 30.3958028637 197.840553736 22.481853838800003 106.193546094 3.63058835731 64.0871536312 3.73147489998 316.358709859 16.0905160253 418.230770127 29.2342746534 108.436278708 3.81309205039 73.2968873139 2.73487424246 163.90301275 9.28586358815 318.79063011 10.7084777753 415.559559539 22.4480140493 NaN NaN NaN NaN NaN NaN 12155.9047676 1413.10665264 17234.988302499998 1550.98259167 8228.546384590001 507.106209371 3668.55246059 266.536378086 1378.60988241 109.120159169
NGC3437 0 30.33890305 4.01083558742 0.1857684224409999 6.18439837764 0.174242864354 18.3644105099 0.633020893214 48.1605737593 0.804056115916 79.39215436869999 1.24683094266 103.268782831 1.62072516046 125.083036369 3.36158544397 181.576284201 9.61437261988 232.451862052 20.1180824651 195.732701243 17.1129778751 113.529627669 3.46664737123 77.05529504340001 4.57388375192 537.332219879 28.969783775 1044.87212369 61.28594665200001 118.16545346 3.8308391632 87.1681272154 4.02361604338 235.92626971 7.14824087374 622.621910609 18.8100463939 NaN NaN NaN NaN NaN NaN NaN NaN 23284.3021777 1842.40676317 20391.4735892 1563.35160517 8866.28143875 493.461993983 3670.93393429 210.817329552 1351.09084281 84.92726435109999
UGC05990 0 25.7039488 0.560079479411 0.0339985972489 0.565329502229 0.0262729632617 2.13444965162 0.17902453325 5.474120869869999 0.1452169624489999 9.0800219265 0.304741516407 12.030345906 0.537598121656 13.4970618574 1.1296457483 16.202845923799998 4.363772307830001 15.875307863799998 4.40228359522 12.8640488585 4.63409885995 10.2085082003 1.09931785938 5.95000220044 0.625344926843 16.0948104388 2.0535853966800004 22.834854186100003 6.64782229153 8.966299572850001 0.6703637121939999 5.8110978107 0.6820420432450001 NaN NaN NaN NaN NaN NaN NaN NaN NaN NaN NaN NaN 337.410134761 223.046945204 1085.58561019 463.49925092 672.634501029 76.6133818159 386.368997578 68.6798385578 199.090229453 37.5556676396
NGC3440 0 39.81070831 2.05252493229 0.0932078640246 2.8250367411100004 0.0791858276071 4.982894315799999 0.319208434816 11.2753185588 0.319186070343 14.8788149041 0.454187514275 17.7222961847 0.827888270129 18.9623376278 2.0649578078 20.6301244586 5.19931110631 26.8970078377 12.318265265 23.5633616985 10.6034758807 9.82787103793 1.08012786363 5.64542299061 0.893290613606 7.976094075820001 2.44081032483 27.2453972454 6.9066931165400005 9.65419558828 0.7615389742669999 7.00593917852 1.18801878792 8.77656631288 2.23345698582 13.2147856775 1.52322959602 36.9095302298 3.14148194801 608.628214879 72.6716861193 1528.96471925 202.243174177 NaN NaN 394.636942623 563.203283713 1346.26636753 383.798438609 781.56850398 113.730166042 450.092032409 77.53191649269999 225.370949621 44.5061722765
UGC06016 0 26.57018023 1.7031732549099998 0.0836945657566 1.4757312197 0.0523633644826 1.33430197373 0.6718605092309999 3.87737579474 0.50235017168 4.743068113570001 0.5781952559010001 4.47260313402 0.6470842828009999 2.87848237378 2.00082157881 2.8504094491500003 5.60045795137 16.1094603855 12.5448625039 -0.99479898631 8.05450307046 2.48653535675 0.827389808853 1.34260139034 1.23749159104 -0.5145129122890001 2.36903159984 1.63808391808 5.62042407498 3.71874800347 1.04161468534 2.88555308861 0.932434987926 1.20742870789 3.28767612095 0.359158043443 2.6834895910000003 0.187056515954 5.55540616809 -12.9912401409 38.1607073995 83.7387972642 7708.34553192 NaN NaN 904.498855435 942.517589572 -96.6511321318 473.5136307300001 64.0060980766 84.5879025847 50.1164665424 66.5564239871 23.0956857584 43.2002136634
UGC06023 0 27.7971483 2.80928517971 0.1465184042739999 3.82835879155 0.110333514584 9.0823453823 0.418318258917 21.1336223396 0.299204634616 32.0622718994 0.459686183215 39.9256567524 0.80871423426 45.9592859859 2.3160945065 54.1951887945 5.08824788951 70.4943554046 9.13896089928 49.8143683596 6.547717512 29.6510346676 1.16945282494 17.4468988341 1.58263798143 102.445770914 5.30341262403 172.928313406 13.347123495 30.9869389632 1.25026047105 21.2458193297 1.00209896828 NaN NaN NaN NaN NaN NaN NaN NaN NaN NaN NaN NaN 3475.95579409 604.2425247570001 4654.70019319 849.1172893849999 2604.67942344 170.755658948 1212.47441499 95.0749981367 465.746232695 44.773345196300006
NGC3454 0 20.60630529 0.753413544454 0.0478490431446 1.21778579945 0.0748603129544 3.88669004011 1.62545066918 13.4965095422 0.662446678205 23.3526294942 0.807124771804 33.238731610200006 1.57979086337 42.1861384091 4.48529091198 40.207343415100006 13.4087755889 -9.23759690861 33.5626461126 28.9527537337 22.3911755066 29.0471955173 1.74830167011 18.5819728442 2.2606094844 54.0950981738 6.61936941989 79.1210351669 13.7858525442 29.3662852785 1.94271844926 19.0816801278 1.5541832949 NaN NaN NaN NaN NaN NaN NaN NaN NaN NaN NaN NaN 3094.75995546 616.3518537719999 2553.56386685 778.723792314 1943.11869194 203.672750764 921.212011758 112.18226901 372.933313171 70.4626172039
NGC3455 0 27.16 3.97269839432 0.181394019988 6.00001551107 0.171226964757 10.5607939325 1.11976144486 26.12128853 0.908884228436 35.4031578198 0.750340285942 41.8442782875 1.16388003584 45.9697907397 3.92206263502 46.5707028707 8.67848985148 55.613599245500005 23.5019649872 45.541851787 17.5463027282 27.5014653763 1.30320915207 16.1827340797 1.57657192937 69.04925508560001 4.80003891522 102.363626004 11.5952969919 27.8632790081 1.32141607242 18.936315928 1.0217909692199998 NaN NaN NaN NaN NaN NaN NaN NaN NaN NaN NaN NaN 4611.037913849999 718.8037741439999 3372.92884926 563.4008271179999 2460.1001906 192.501151435 1336.38928669 108.382822347 602.1505472460001 72.97204655130001
NGC3448 0 24.5 5.81780135456 0.264841560058 8.95589949201 0.246186102108 19.6371184393 1.07032560473 49.1409859293 0.564452418713 67.9874639033 0.8421436437590001 80.755398216 1.25330443235 89.54910378310001 3.4752318793200003 119.736060022 8.13994130615 130.774961845 17.6584720196 99.7854981897 13.6050625296 64.6320631443 2.29059009568 41.340791844 2.13445914121 198.876638737 9.66003595145 575.471682516 33.0217266277 67.5179184594 2.28937098167 47.2511155467 1.60097735541 90.7871632563 3.2686691801000003 206.459140195 6.28993415363 591.079514163 29.697071839 7117.95277373 714.997533237 10717.3932949 1308.41297311 NaN NaN 12317.0792843 1357.71641117 10504.2890222 964.720669532 5130.326034510001 302.61609343000003 2360.66990958 164.56487433700002 925.201055209 78.178277225
NGC3458 0 29.5 0.0722894667857 0.0136893378693 0.304989942101 0.0199951017606 5.465810375269999 0.2333711009139999 25.1148045486 0.291749698734 50.224459909 0.492141914185 73.2677560352 0.830305732684 89.4865840367 1.55053473206 131.306264508 4.5502108695 150.784424774 8.471008797689999 122.163830633 6.93584624775 60.3023083972 1.88089867087 31.8436655956 1.4175690752 10.3127307459 2.05103982419 8.00566535574 5.22138849119 56.2987221612 1.81355225062 35.403312036 1.24829548843 24.0576473192 2.14560531863 14.2651333026 1.24309009733 5.73906439328 2.6208787149800004 -7.51193601628 26.4198988353 -69.7568069724 59.3962707785 NaN NaN -541.4195955270001 381.25669325 -680.2908490389999 386.476711393 -7.241488558029999 73.55271268610001 -34.3642291753 61.8987053935 -53.6289185214 37.4505642761
NGC3488 0 37.84426446 2.11672519514 0.0966659176524 2.8856086696400003 0.0878720585594999 6.04138660613 0.571110646432 18.3982316389 0.527557502037 27.4769726916 0.916694079707 36.3907190784 1.99423528118 39.5176462631 2.94808397768 43.8574272631 5.04177464898 43.380041621 22.6287847219 44.5219284992 10.5401627829 NaN NaN NaN NaN 58.3586040222 3.83563570644 58.1768576226 8.62422833778 25.6226219728 1.41567318303 17.9188760053 1.67405887265 24.8170410317 4.53662588525 65.8982887791 3.17173953834 62.133513496 4.6862167622 670.916850176 74.5724040649 3166.1822566 406.96341656 NaN NaN 1532.46713913 608.404633981 2441.87003867 590.62282315 1755.87877252 150.75193593 848.385996641 96.9788109357 355.631564018 64.30103720219999
NGC3501 0 22.59436247 1.54052402544 0.0761431236452 1.74330988075 0.0795798668524 8.493379215609998 2.92365952964 24.738623531 1.00216828958 44.7961163186 2.49086966638 64.95548468039999 2.4290238871 82.9553436881 8.3100998408 120.375332254 32.320199104800004 82.1507109835 181.158310124 121.300818037 76.5186705532 75.53907542660001 2.83618154178 42.7979039141 2.65513436306 136.22414651699998 8.495730361769999 162.44629254699998 14.3573830457 NaN NaN 51.1021968315 1.59270098061 NaN NaN 164.20294830400002 4.98914582632 NaN NaN NaN NaN NaN NaN NaN NaN 5915.5549937 692.505330371 9059.02265905 885.867111229 4819.63783472 303.405918298 2391.64637977 191.168836531 968.350669977 96.7282253688
NGC3504 0 33.11307434 7.74816500378 0.3542812946999999 12.2713535892 0.337920701542 33.0502534344 1.05749615726 98.0336397132 1.43960543639 167.66957153299998 2.06357938971 224.828801361 3.26794443097 259.160123461 7.24630161865 369.748684434 20.0290068524 308.52417034 63.80057840010001 306.179196125 42.0671151938 217.426777392 6.68557272834 152.184973207 10.1763670517 1000.7817032 48.136463627 3164.21366436 178.862799798 226.132751223 7.289055838819999 172.30214676 5.53296316689 385.099527346 12.1630346121 835.187648976 25.406040121 3074.05133435 155.063145292 NaN NaN 23701.0270501 2903.35637929 NaN NaN 37097.2986447 2908.82765822 28213.2605805 3161.96114777 12289.6011113 687.285273984 4932.216698300001 309.669902724 1660.07007677 109.485752148
NGC3512 0 25.0 4.32393720597 0.198125250034 5.41958124777 0.1515139527589999 10.7224937912 0.529385762751 30.1408335314 0.588945793333 49.4535743717 0.684747983907 63.214717961000005 1.04633411933 68.7241196375 3.52750133435 95.5736364185 5.77754043706 100.911819416 19.6496579032 94.5708887279 8.80222121249 52.9923910357 1.78039476985 35.4717335842 4.3674162983 111.449987269 7.60723595391 150.785913325 15.5549375258 52.4479467275 3.41907218719 33.6690063106 1.85774145241 60.17853740459999 2.66220774672 145.582118918 4.53690932404 141.7243075 7.26280759506 2066.11193237 245.267744268 NaN NaN NaN NaN 3363.86276919 661.560674999 5320.36178243 897.79815305 2800.93922561 195.917572554 1236.3964764 114.896189125 437.73716138 62.844493430300005
NGC3521 0 12.41651915 23.1015425766 1.11051038534 46.0702275477 1.35295542063 364.230398602 16.2083710845 884.850997736 10.2465791268 1593.9344440700002 29.7526801453 2232.31795605 31.6209250116 2961.00293655 72.3488814533 3589.9048052000003 111.541343728 6461.55908603 447.192205678 4249.61663662 170.04006014 2052.91008864 60.2992971416 1219.45108185 42.5928016583 5549.90834983 262.3128232 6214.531154300001 361.341349373 NaN NaN NaN NaN NaN NaN NaN NaN 5351.9994170400005 303.841454516 NaN NaN NaN NaN 76729.32822750001 10557.495102100002 158304.467001 13546.0328561 210433.067806 16483.9031197 109547.944757 6401.20016427 47089.5905145 2956.50890831 16637.524358699997 1034.05202725
NGC3547 0 18.96705388 2.94903116004 0.133467089632 4.488461801400001 0.132266273017 9.91973182499 0.551506083593 22.9225874977 0.537214812525 32.6040466326 0.605764039607 38.9775338681 1.1427162055 41.786876072800005 1.53112039572 51.133431032500006 4.77092156906 50.4979144276 7.62774400629 49.4532544015 6.91958100821 28.2078140417 1.07989268568 16.937181767000002 1.0867217032799998 92.0728615244 4.6237321683 161.320428579 11.2561677033 27.8545648928 1.2525692843299998 19.5019450742 0.95632501211 NaN NaN NaN NaN NaN NaN NaN NaN NaN NaN NaN NaN 5355.820536220001 628.323080216 4560.94183313 490.273476577 2195.95555323 147.673833899 913.94158547 81.51429340499999 319.786949226 41.9301502769
NGC3592 0 20.51161224 0.334211588262 0.0265218193276 0.6172161106380001 0.0434302829332 2.44518357443 0.593487845339 8.8369459853 0.506171836534 16.956508264500002 0.740920563916 23.4645637406 1.14073243142 28.8982875469 2.63463931998 46.3236638878 8.082852621070002 60.1418244389 28.4122990643 46.4747726169 10.722111089199998 19.664565210200003 1.2746078640099998 11.4705667977 1.43321189853 29.6597563538 2.56298942998 31.797251499300003 7.55148414276 19.7453671612 0.942196864367 12.7191047494 0.8380815159120001 NaN NaN NaN NaN NaN NaN NaN NaN NaN NaN NaN NaN 1473.31935706 420.53351108 1518.95528806 619.128531366 1229.98995174 108.984705206 677.593960374 81.3015365807 278.122337277 46.2646654128
NGC3596 0 27.66941086 NaN NaN 15.5123115462 0.434896635642 33.6733903002 0.884752332236 86.6628673187 1.1746496430800002 134.691902139 1.6301011939 169.620495581 2.22141125834 181.596207939 4.24057118752 280.994658756 15.5298243172 274.969529116 49.2742672754 288.081514099 69.37921986799999 130.32200629 4.2384913612 76.30182119499999 3.73593695677 394.227406789 21.009876973 466.814832785 32.522407544299995 132.060408048 4.54168414337 90.6110634519 3.68356530238 NaN NaN NaN NaN NaN NaN NaN NaN NaN NaN NaN NaN 12875.9901247 2929.53025695 17903.1711032 2125.24894881 9286.87179116 595.209877626 4369.1901783 329.910745924 1731.82275315 164.558641374
UGC06341 0 29.56034954 NaN NaN 0.472721820925 0.0284892307089 1.00658743876 0.461367658758 2.55765484728 0.315990761462 3.74950670252 0.3787734319349999 4.4764435386 0.8868822903160001 1.34564848103 1.45035060895 4.60469851898 3.53469053052 -11.4557093508 12.5377993622 2.54179368105 7.22763206609 3.03954119297 0.601047553849 0.56543717508 0.645104305528 0.940606724259 2.00885212269 2.0734966959900003 7.301931426779999 3.70378003034 0.926219457873 2.2520375185400003 0.70832953096 NaN NaN NaN NaN NaN NaN NaN NaN NaN NaN NaN NaN -347.54585216400005 175.43264442 42.1808190839 212.464027442 -20.5573089219 68.2840464156 -28.4217119993 57.5607231549 -11.5190653867 34.2596702382
NGC3626 0 19.86094272 NaN NaN 2.42548361136 0.0926918153018 22.590524094 1.35151005171 97.7731391466 1.42136798932 177.601526958 2.28038046901 243.854644055 2.8359948723 282.053767552 6.0161004525 398.86401756 22.6964790252 359.744725626 103.368153612 395.384254684 48.5172178386 197.488156725 6.20519503196 110.779516152 4.40904444206 133.479674596 7.81389487136 170.055854375 18.9688250885 NaN NaN NaN NaN NaN NaN NaN NaN NaN NaN NaN NaN NaN NaN NaN NaN 6130.62695135 665.809135122 5571.14943158 804.9251191520001 2603.79124069 228.034217642 1145.53260794 168.119924577 428.946553818 91.7064638376
NGC3622 0 20.60630529 2.8605936377 0.131026430027 3.76058736286 0.109000303154 8.41997772448 0.3887782937289999 18.4165695788 0.47321159631 27.470539552 0.453715621601 33.4541550396 0.817690441519 35.0819888454 1.61221906218 41.9533381935 7.0324685512 55.2966307199 13.6054000931 38.0332844402 10.3554428994 22.1133410607 1.02920947069 12.7998271209 0.985135585728 45.3675750837 2.74810415535 75.3202181699 6.54131343001 23.6473335575 1.27700732237 16.0108906587 0.862884009485 16.762962193 2.78654218495 52.1823527839 2.04752341412 76.0864806456 11.3863666588 NaN NaN NaN NaN 1966.40476946 334.627948921 3265.62149554 594.5494213459999 3124.15061598 354.42008161900003 1711.58763639 132.326127318 877.195320121 92.2433873689 371.233801264 41.0140735931
NGC3627 0 11.4815347 29.3902226481 1.33855825476 58.7972411084 1.61789321026 243.372226855 6.27810659572 870.648886095 8.095609087149999 1536.36834958 13.3517398501 2137.67367305 16.6466006407 2405.96553726 28.2138161686 3265.1360071500003 80.6957926787 4026.08138702 209.697495183 3254.23960361 97.1633028486 1818.80645827 53.3045520153 1296.16520145 45.2334648868 3464.54721953 162.02439991600002 8082.23784272 455.75050287 NaN NaN NaN NaN NaN NaN NaN NaN 5338.44300845 283.786899548 NaN NaN NaN NaN 111790.505605 8546.47343603 190739.720266 14550.8224242 203175.559783 14899.145741 92328.09613 5130.05809352 37567.1004629 2184.43008751 12686.5284262 779.928693943
NGC3628 0 10.81433752 6.92975015873 0.322710369618 17.621070692900002 0.511482841937 112.944511876 2.44783029077 457.899517639 4.33109159829 875.220703227 8.06211708419 1247.58887543 9.91197436513 1486.9804868800002 20.580452235000003 2392.77516147 54.4556172289 1804.57619962 131.061069485 2465.84907255 65.23529359499999 1509.9922338 44.0353460674 932.403325571 32.680263441200005 3538.27855962 163.40384987000002 5125.00364163 289.118890255 1498.65991315 45.2555627753 1044.7359838000002 32.312337413799995 1596.7863395099998 48.2877015982 3704.67788791 112.258325956 4969.12367874 253.533086327 NaN NaN NaN NaN 90230.5400358 6431.90845399 165036.753349 11679.6186851 196330.587178 13829.8971821 106495.790703 5873.01611401 47033.4579648 2606.6969144 17313.4100204 967.113882581
NGC3629 0 35.48135451 5.56780463758 0.252118467892 7.01110584619 0.192903235157 12.4784866573 0.547152381581 28.7124179066 0.490612793374 38.3538422726 1.07050876978 46.0752197119 1.17047169688 46.6023295457 3.93050330743 60.6200024335 9.44252330997 61.2132252488 21.9626607773 48.223525638000005 12.477892028 25.1462920496 1.15074974169 12.3986926844 2.12095094802 48.9528646998 3.77960799503 70.275138824 7.84975405633 26.2409723631 3.5688771059 17.5349414742 1.93356321336 NaN NaN NaN NaN NaN NaN NaN NaN NaN NaN NaN NaN 1805.52209343 562.392967642 1721.74771186 761.883196215 1888.74585048 177.648419422 969.410470147 118.7460738 381.382162661 59.8362073626
NGC3631 0 8.749835985 22.2118681535 1.00228775533 27.4730254849 0.748856150755 66.34047241750001 1.16795829574 172.404302776 1.60169800274 261.985911443 2.35110586163 325.322033915 3.81742933679 363.066787241 5.92525393428 498.555474774 17.2817536991 831.753439073 46.5387341424 556.313531917 27.5224793056 252.330049507 8.53635658982 156.920308085 6.397893965820001 972.268246148 45.5565046568 1183.22717695 73.08412135260001 253.39836051300003 8.36515965029 174.964818571 6.58961035909 NaN NaN NaN NaN NaN NaN NaN NaN NaN NaN NaN NaN 27881.9674212 3716.35363244 36881.2744492 4141.90238828 19472.3666375 1106.9755934900002 8650.116822510001 539.788463006 3159.34091423 239.035012564
NGC3655 0 23.12063958 3.34437594432 0.155801115195 5.57952257534 0.155970569724 19.6342674665 0.7880256744699999 56.9248333437 0.805511439917 97.0874774734 1.0907801118 125.518817453 1.68503394105 148.710258627 3.77344948721 184.742397108 7.82760425264 235.474868285 23.0955796773 207.226625127 12.9920090129 121.857357197 3.80177328018 81.9912456449 3.24531398409 583.144091141 27.1750963055 837.933508694 47.7108325267 127.82046816 4.12829611182 87.3683049921 3.32223282513 255.758511388 7.926685563299999 690.069403609 20.7320888608 796.604969294 39.9120088458 NaN NaN NaN NaN NaN NaN 21811.6822359 1638.8775277 22297.4864673 2256.68366333 9695.6936299 551.130910612 3869.04743021 253.514161098 1313.87946955 85.1251573031
NGC3659 0 21.57744959 NaN NaN 4.75674138228 0.1318984851 10.7043758838 1.10321456469 25.963219063 0.476282641079 39.4403705728 0.761119069706 49.1917146816 1.4988140272 51.5960440931 4.112188761500001 81.7722829975 11.3366846861 49.4962548067 32.3794940411 41.796466208 18.8849286947 35.636613342000004 1.56796159135 23.3356682685 1.67259414007 112.162997607 6.62153014652 146.232240008 13.662037507 35.7812569425 1.38581934974 23.9307890301 1.14959944584 54.5146100033 3.20777867495 131.084473423 4.1546155232 143.345286781 7.801345849860001 NaN NaN NaN NaN NaN NaN 4618.04059395 568.852792874 4643.596674750001 625.250611462 2889.29618291 179.02441243700002 1374.5927851 104.627086353 597.2507481929999 49.9023609618
NGC3666 0 16.90439714 4.29336948142 0.20421351357 6.518782069619999 0.188545901341 17.496853662499998 2.5724531816600003 45.779492875 1.1196006178800002 73.16494121439999 1.90555556584 97.0792422194 4.36863647849 107.026502431 15.8621125445 172.011574565 38.4377730504 228.642099308 69.163753612 166.152452823 72.7745816872 86.5240891056 2.9391779282500003 51.4114417228 3.97289720593 224.021737298 18.005375516 245.14990947 26.066299941 NaN NaN NaN NaN NaN NaN NaN NaN NaN NaN NaN NaN NaN NaN NaN NaN 8887.611660359998 938.550354178 10652.8962474 1061.91734095 5695.45316292 448.907717236 2743.89991678 235.997521641 1130.64126493 96.3945152838
NGC3681 0 25.6 4.78829537726 0.226115087641 5.28427998696 0.171064782728 9.05520243938 3.30478773643 54.4765636836 1.51882400842 97.1483094303 1.55315556373 131.126762281 6.657455860570001 142.21729580000002 8.55232829861 213.692220628 18.7087264883 258.55199255 60.663473778 202.21941821700003 50.4674399801 91.0308894694 3.5461929934 50.2497056955 3.13315851975 103.702092576 9.78103598029 87.0931557046 18.930925375 NaN NaN NaN NaN NaN NaN 103.740154529 5.23628744169 NaN NaN NaN NaN NaN NaN NaN NaN 1832.13354099 1405.30963914 212.110941294 2010.45862334 2913.4218133 312.740489204 1459.93043952 193.088143754 593.440907793 120.001627806
IC0691 0 23.7 1.4137691316999998 0.0672807228916999 1.63606314512 0.0656099140166 3.31135218072 0.162234211857 8.94573571548 0.2853730479019999 15.4011357648 0.366488651885 18.3346618952 0.6736014409809999 20.3272389778 1.77907323077 29.7759206653 4.13490666007 45.5850908848 9.23618903968 43.7671913598 5.685679459029999 27.5614369622 0.98430214108 23.8991275984 1.07448261301 149.176752985 6.992680390219999 522.57868949 29.7711236912 28.6285148336 1.38421046087 25.587952013 1.59401814401 57.4493198725 4.33213021967 134.512748204 8.49349383957 496.8631126460001 25.9923788474 NaN NaN NaN NaN 3808.40578459 406.861076191 4757.96064304 405.846735751 3210.26873269 328.52791814 1284.512208 100.30475041 484.163491804 62.1767558625 178.660113103 29.0697512392
IC2828 0 14.3773894 1.39161191448 0.0723794553464 1.58129461222 0.0574487996238 2.93693481397 0.288967522513 5.96690900832 0.217022327583 7.76722536254 0.38153881208 7.92122645494 0.970696881256 8.427515990729999 1.7756446003700002 6.78876710459 5.44907912252 13.1075788515 13.3895407993 2.0931424881700003 5.2453022687 5.13376033455 0.708467896887 3.63014098422 0.8319522932400001 11.3880017436 2.29944104105 36.5098017734 7.02293931568 6.00239432587 0.743741764351 4.49144453059 0.7185849156059999 3.92235517915 1.93007415438 10.347765138 1.30821728506 27.9103149739 4.33342483336 NaN NaN NaN NaN 99.8280632532 310.488920226 761.098081622 307.847455584 563.65000241 255.78391295000003 356.860694357 83.89723597 195.30903839 59.87567549440001 87.74133996 35.1056432692
NGC3683 0 32.21071564 1.40475447318 0.0853842334430999 1.78247900543 0.0792424114285 9.8345341853 0.905397357195 34.4108450617 0.812082419412 67.3010701146 0.960345105197 97.5376621447 1.62757706811 127.145593679 3.60402961252 198.849572266 9.65661646654 285.333687394 31.274596336700004 241.446705016 15.714435809 155.745969107 4.79471547678 107.952653518 4.07312860886 853.5725323060001 39.4635561059 1238.24547089 69.8477169018 164.994454932 5.89498724402 117.812207959 3.85269397764 372.904547507 12.2034719131 1021.29521989 30.6724717326 1192.37813696 59.8736966943 NaN NaN NaN NaN NaN NaN 30516.6317693 2318.14190332 28259.0080638 2344.4393478 12589.2450968 713.035527383 4717.441865649999 298.7234975 1588.2113255200002 113.579661935
NGC3686 0 15.92209245 8.54373005986 0.406945425673 12.3285105901 0.342946702776 31.9913985941 1.65348019596 90.7337019316 2.22436514889 146.703204305 18.848731841 195.673848747 10.4373653286 227.24018093100003 7.44457325424 325.93148397600004 25.3784749855 439.34779651 72.265336335 330.630112451 52.0630859001 149.904513576 4.55895219489 90.3662172186 4.06048151716 428.954558633 21.1423630526 574.397644881 35.1323927207 145.403040628 4.91736367774 97.6212302116 3.91970179222 143.997372106 6.404740877269999 461.138996472 14.027606139 542.879243833 27.8844014672 NaN NaN NaN NaN NaN NaN 13744.5551834 1612.01701155 18216.9750297 1626.35356326 9720.15925897 569.3779487090001 4271.47615903 283.932017082 1542.40661785 127.531937294
NGC3692 0 40.36453433 1.93792018157 0.0985316906329 2.849468486 0.0972204981854999 9.29187448561 1.03425880715 31.4148931389 0.945651121282 56.3959087383 1.4723595457999998 78.07438525319999 1.81016634163 100.739221112 3.04977006946 153.46037074900002 12.6770870228 170.42217881 18.2193912145 132.471239196 21.8863161373 74.2548946293 2.6673489273000004 39.8061209055 2.02938109055 104.755742973 5.92277697231 110.426513547 11.9275193746 70.8947695478 2.2638011592500003 45.9352956844 1.64881197081 NaN NaN NaN NaN NaN NaN NaN NaN NaN NaN NaN NaN 3938.2552484 722.388402121 6749.24707739 735.918698804 3362.8359675300003 238.98098735 1734.68823745 171.215538735 730.973672273 98.2873932699
NGC3729 0 21.08629891 2.37502654513 0.115266542415 4.39740386169 0.125827016396 20.0799079709 1.28883105421 67.2314875663 0.886072319723 121.228955057 1.3643223503 170.45433727199998 2.76791318295 199.589321915 4.33194148413 289.212280523 17.991799571 361.833469869 44.9722640425 274.927841632 29.9106197381 164.676376143 5.14203206948 99.2796912775 3.97160541726 267.90159781700004 12.8235926394 491.294447692 29.1524644046 134.75004046799998 4.30957654557 97.0581526412 3.14953083134 136.746045532 6.80258784484 270.227950746 8.37318628805 460.032506644 23.5116135667 NaN NaN NaN NaN NaN NaN 8304.0897188 1129.48051822 9845.13993191 1275.4075543800002 5636.96785327 403.027467047 2382.47185223 197.513373479 849.879752797 87.4513672277
UGC06575 0 34.51434453 2.13935765986 0.10178926492 2.6249386016700003 0.1061891045689999 3.3290018482 0.8176665551 10.778035258 0.43036456277 15.226280836 0.477236851933 18.1134167267 1.31506009296 22.0410669051 2.13590375463 23.4905982514 4.2608612575 25.8018946959 8.84099445716 27.9395992549 6.26640352188 10.9413407425 0.9003531300769999 6.33051498135 1.37810444213 14.4203565512 2.5941121392 29.0775504403 6.7234847905 11.6712202268 1.11127559837 8.01741423338 0.951299197228 NaN NaN NaN NaN NaN NaN NaN NaN NaN NaN NaN NaN 289.232608902 581.681230364 1547.50523751 361.575057504 948.250359735 91.5638815835 573.550754768 70.7334576887 255.833592895 37.1496179266
NGC3755 0 34.35581471 6.04101389482 0.279824482264 7.56013149409 0.215256226441 11.8093061054 1.08165692281 27.3470612357 0.518162085411 36.6771392947 1.6490582984500002 42.9133644319 1.59119522496 52.8269110651 3.00321542198 59.1700435201 8.14384849398 54.7147512475 22.5790362284 42.7230044318 22.132682493900003 26.630709625300003 1.63171011287 15.8225743926 1.73049746463 46.6821492614 6.08752375564 64.3060126326 10.1785893715 27.1040661673 1.08160308232 18.4565408219 0.673241577903 NaN NaN NaN NaN NaN NaN NaN NaN NaN NaN NaN NaN 3708.10390015 655.404564145 3327.888434 654.7166145799999 2104.97745355 138.23979369 1206.7877334799998 95.5683816687 557.422502151 73.96718782430001
NGC3756 0 20.51161224 4.62480710131 0.211311005313 7.03090538311 0.213153282679 22.2532212804 1.14348008458 73.2832200566 1.2004736755 122.62730838 1.78859572628 162.61195343699998 3.20958149833 188.786275285 5.98548302133 255.26684044 19.5640352587 277.633247225 23.607840664 246.559397941 20.0004376774 126.654614783 4.1959931291300006 70.9465223827 4.68750095295 230.631398969 12.6733314138 263.065042318 21.4484195682 NaN NaN NaN NaN NaN NaN NaN NaN NaN NaN NaN NaN NaN NaN NaN NaN 7226.05509088 1117.02997289 11629.5833491 1091.23884072 7282.82998206 423.662943587 3627.48919615 236.925776768 1452.16256671 103.646754611
NGC3773 0 17.0 3.98326425201 0.2018582340459999 4.95797149829 0.139183819543 8.732736954189999 0.229037555488 17.697995709500002 0.369132831472 27.1449497664 0.506098627894 32.4676296979 0.779235491748 35.108711445400004 1.4201871065199998 36.0042607096 3.27354842983 37.776345137 9.34532371197 34.9559200658 4.39869245391 20.871512245 1.01139187615 13.1408582037 1.0103069433999998 46.2048674766 2.85070945107 142.483533052 10.4124352253 22.5320673555 1.58538011233 14.8070338091 0.868069998438 21.2997549021 1.33425933859 49.70868279 1.8303770493 142.881660363 7.78033884086 NaN NaN NaN NaN 1308.59046679 440.494992849 2144.49078534 334.975334312 2132.7133647 344.36285889 946.716716391 95.8631440893 361.863474221 68.0226756758 118.236426688 38.5543399487
NGC3795 0 24.43430617 NaN NaN 1.41483606384 0.0511462952449 5.18706995507 0.5360151877389999 13.972497693 0.291188639199 22.9461465408 0.472895706181 30.8034386256 0.874121374707 34.0230947097 1.37275395802 46.0752170754 4.445553164020001 58.5999356915 6.00605719483 44.692123327 6.89910549586 22.5239257319 1.40658070481 12.6325123775 1.62764882609 33.6778946561 3.25373992589 27.1941958643 6.93066306033 22.3557324815 1.09686087113 15.5673113535 1.24773105981 NaN NaN NaN NaN NaN NaN NaN NaN NaN NaN NaN NaN 872.524458457 531.745755903 1094.4978302099998 454.942199767 1333.83483017 99.2572728776 784.522075646 93.0608967992 361.766397691 41.539277198
NGC3794 0 20.70141276 4.672762730320001 0.284784580277 5.55292328592 0.156220209245 9.91026595663 0.664323483863 21.9912368632 0.642347196533 30.7870014575 0.840721960912 37.5126356349 1.29711292231 38.1301913911 2.03255382968 50.646120797600005 5.37930495643 48.556803435800006 9.53677314841 31.719388493400004 7.61783937097 28.9445028712 1.33724529131 17.0675224386 1.64843482266 35.2314459959 3.5434225445500003 50.8423606045 8.03002184348 22.911871047 1.43884929837 15.3628122041 1.01977127839 109.442956637 11.1475196589 40.5910935072 2.05121984091 NaN NaN NaN NaN NaN NaN NaN NaN 1258.95033268 691.380125331 1261.41965865 1249.6689486500002 1523.11098793 133.562573471 806.182468773 88.2054832704 371.302399955 40.7393538274
NGC3813 0 21.4782938 5.62758483079 0.2565532184119999 8.65264229947 0.239868467198 24.4694262491 1.15111918814 62.3873470366 1.54141399505 97.7927431524 1.34542007443 127.56649507 2.260537614 150.10614902999998 8.806629499480001 214.108054751 8.67359770781 239.87701697 28.3028932891 197.03789128 26.4560686302 124.606399323 3.96322857269 81.59351191100001 3.43522109957 585.256989784 27.2967484 820.214632041 46.9315507816 124.596853113 4.07609905127 88.87379027760001 2.84544763799 NaN NaN NaN NaN NaN NaN NaN NaN NaN NaN NaN NaN 22487.6383219 1795.14160186 23194.2930953 1998.46768108 11382.8970059 639.455096416 4785.791343229999 287.718030942 1717.81478066 133.246834363
NGC3846A 0 25.3 2.63087611037 0.123261127188 3.25234600858 0.0955399026544999 7.3362074013 0.526897703219 17.4630417323 0.482941876475 24.752265984300003 0.559329474686 31.141405214 1.00139542681 31.1422965978 2.46317268966 33.9964390864 3.16402475329 39.1454146864 4.24170616187 26.9028302768 6.14071122924 16.320081065500002 0.892544409938 9.85580225244 1.3673241605700002 18.0677998202 1.98621918689 38.1901488739 6.11768878257 17.163640473100003 1.30119434292 12.0110704146 0.790143729183 NaN NaN NaN NaN NaN NaN NaN NaN NaN NaN NaN NaN 504.5947106 783.427588269 596.807519104 542.912747717 965.306173884 96.8199405211 568.251874638 89.3664806802 278.551028975 50.7279168172
NGC3870 0 15.63 3.25591887947 0.14737250532 4.18738888039 0.115023330188 8.58480353807 0.267915580483 18.5176156113 0.300304513097 26.5865701127 0.347033272975 32.0952444758 0.7142619731169999 35.2885971718 1.16529904237 38.263265896 4.7875938656 36.9638978705 39.9170399292 39.5168454817 8.718006339210001 19.8982895335 0.939839138154 10.2674433602 0.719959535165 44.4209856428 2.72674011779 104.303376825 7.56819784594 21.236411763 1.26028579495 14.3070504758 1.1650221611 22.9207811246 2.76341096207 52.7649218629 1.89049975492 104.449842877 5.63354430682 NaN NaN NaN NaN 1505.51638762 236.808959224 2438.60764279 371.46484567 1852.27484105 330.761262379 988.84731242 75.2941816853 408.190489061 73.3385388915 143.01705905 43.2016952777
NGC3898 0 36.14099357 5.37977803468 0.299682855102 5.45318225825 0.194574384382 35.4973057801 1.74332394312 145.672229925 1.87256903554 278.452576451 2.67294643895 403.647371746 4.01672825073 476.932453667 9.13868125733 650.5775641829999 14.4630672616 722.4860833509999 21.4573061148 676.177213551 21.1666411658 314.438239227 9.65063628585 171.26791822500002 7.26116093413 160.404159281 11.6467021931 111.005453721 26.4470537155 269.82093328 9.44363854825 164.14662402800002 5.88898048301 NaN NaN NaN NaN NaN NaN NaN NaN NaN NaN NaN NaN 3399.43849824 3672.13156703 4208.16358926 3790.07708028 3861.7382301 391.000959086 2041.15250933 300.802465629 867.412522553 163.957437494
NGC3938 0 19.40886355 28.5623416253 1.28942047781 36.4029046894 0.987842022744 82.3972274894 1.42507427681 218.013997694 2.30014258905 329.328807804 3.10228980607 420.697144702 4.597295523380001 474.508588312 11.9238480967 567.1566192060001 20.1618496438 601.130583875 66.2259232336 596.783975845 32.8523212359 302.017514815 9.69089860074 189.191564763 10.3237127098 928.065564292 44.8875981769 1164.23123175 73.1162374398 320.653212263 12.0041530393 225.811830418 8.631558226480001 244.064928038 13.3264409177 911.102266549 27.6468509687 1052.2925295700002 54.6609839742 NaN NaN NaN NaN 14000.2611552 2884.80480917 30642.2206167 3188.13800434 40676.738671 4068.63084215 22464.0741298 1315.58026131 10047.1069116 645.8411975079999 3759.50770098 292.225936143
NGC3941 0 12.0781322 1.45592960407 0.110761857452 2.40776411142 0.153240575174 38.6595308666 3.07590194384 174.459709344 1.9253128092 336.696504852 4.09047348157 479.045307795 6.033626970749999 583.789361437 10.121074566 822.906413393 19.441978841 958.377583889 52.0041483755 769.254455117 39.6508824721 390.084315192 11.5473521997 206.997211247 7.17072344025 86.4338902248 10.8626705126 46.0201378552 20.9146258579 363.11642045 11.0133658119 222.509909957 6.87085284588 77.5536332858 15.776203972 134.86703092300002 6.37331810315 NaN NaN NaN NaN NaN NaN NaN NaN -67.5649607772 1064.270138 1067.33103134 799.8844336000001 672.812983709 178.033964438 212.78233634 179.474762974 40.2241554856 129.556418225
NGC3945 0 23.18 3.24205810163 0.174792379191 1.85777186761 0.14388886829 38.7969467755 2.89622309011 137.100300851 1.68567377571 273.639590078 2.74349661977 397.479130051 4.46931891647 479.886363805 10.7247865733 710.899074395 19.0662012862 834.837276579 27.183203333 648.686088419 25.1573227269 346.138302818 11.3097727584 179.91307185300002 7.92955746606 91.5474992074 16.6536593584 75.72938186020001 38.6817060576 NaN NaN NaN NaN NaN NaN NaN NaN NaN NaN NaN NaN NaN NaN NaN NaN -792.961822723 1063.84224195 3910.00458161 1754.99059714 1980.82283889 770.628564923 1049.22417991 341.055972615 418.796896493 155.22669391899998
UGC06879 0 32.06266114 1.02134533173 0.0509526738598999 1.48191084903 0.0575390620036 3.70710657192 0.293980782166 10.7679614017 0.421655351926 16.6987476342 0.531046999835 22.8273990272 0.903293869671 24.1994537361 2.85885628684 35.523245751500006 9.62440066829 35.4546080124 42.033719238500005 29.0887066219 16.0354091394 20.9789537808 1.0659419295 11.5121983225 1.25367990279 25.8150419349 3.60812409448 14.980303274 7.61088903783 23.4775607581 1.09175329847 11.3052044106 0.959603644052 17.706780441 1.62138618587 38.9059173239 1.8209170031 30.8911252132 22.9939565353 NaN NaN NaN NaN NaN NaN 810.581086362 751.992142153 2315.82728782 536.142920862 1071.2736842099998 122.302234958 672.8853026390001 99.9928054195 330.53835023 59.7760453598
NGC3982 0 23.44228198 NaN NaN 12.4781294382 0.3411098393639999 27.2940490004 0.6098489977579999 68.0216844667 0.838033064087 105.43409544 1.11937736594 132.25621786399998 1.80767515471 155.440556018 3.72831395856 214.000832975 9.47286536685 248.04365612 26.1612154783 192.929451207 9.422639735010002 111.519895672 3.40424312324 73.1609698521 2.9729922037 469.614265381 22.3308124217 779.1633818519999 44.9078185641 109.340602951 3.80562571385 76.36358460379999 2.86076692456 284.943787878 31.9730477778 495.541084542 15.2383883011 763.1447268940001 38.9589646296 NaN NaN NaN NaN 10082.795732 1166.65823378 16457.803313 1650.08181508 15983.502888 1457.21855909 7379.21176193 423.658099842 3071.02578765 214.127432177 1111.2695851 100.895948188
UGC06919 0 24.22173676 NaN NaN 0.289429071399 0.023736309419 1.81352562045 0.579769103947 4.33865141402 0.437062255846 8.39360474511 0.4000347065219999 10.9795325026 0.7517869984569999 14.0970682978 1.86739894542 17.3165030228 4.73079525049 12.3072003892 13.4223201277 13.1044769517 8.34489636376 9.1706562995 0.764353765665 4.11624099875 0.708956313397 11.0029264687 1.58323156921 17.1079259612 5.40347457227 NaN NaN NaN NaN NaN NaN NaN NaN NaN NaN NaN NaN NaN NaN NaN NaN -127.307157764 348.514582492 583.298655945 482.693207525 453.804308114 98.2376938286 243.980224034 67.5029451734 97.9970041716 35.7778834336
NGC4013 0 18.79317543 1.14141620974 0.0579281045001 3.5014756099500004 0.110075982257 29.3994441127 0.454807545616 81.4892528467 0.748987565828 163.453381144 1.4291304313000002 250.392960869 1.9982641967 358.672379457 3.5980095223 515.448455645 9.847529623 684.648524151 14.3934763009 695.399057961 14.6565442461 354.754909099 10.3911193601 217.089289611 7.59087449426 588.8661073530001 27.3206568267 692.053246708 40.6586175455 NaN NaN NaN NaN NaN NaN NaN NaN 637.203427688 32.3567872439 NaN NaN NaN NaN NaN NaN 25536.0294288 1895.47584083 36427.3123557 2668.34867359 19278.5593204 1069.99824161 8561.916371129999 487.759798672 3098.85224034 182.891838811
NGC4030 0 27.16436382 12.4679890771 0.5630514742 23.3938257392 0.640261257519 73.9556406552 1.23931244517 212.483152322 1.93473808013 365.312374568 3.44931584535 506.35409922100007 5.2181128211 603.273337829 6.57817756291 1041.87817422 26.8054203096 1282.64542463 57.5714645681 989.582194315 36.3891691559 464.136137931 14.4265789021 290.479567419 11.478169971000002 1555.35081307 72.5935632519 2027.23711335 118.792375016 452.901666515 13.9136159133 309.01211844 9.74751113014 NaN NaN NaN NaN NaN NaN NaN NaN NaN NaN NaN NaN 62525.2779545 5827.64745953 65650.2228476 5037.897992030001 35182.8820761 1986.8209082 14428.1710617 864.979983164 4839.55538899 349.876468086
NGC4032 0 28.41343528 4.917539328609999 0.227764025755 6.2881724291 0.175301296425 12.4668952278 0.5106592738769999 30.4193343098 0.485055905776 43.8412316647 0.5710526117779999 53.7750152229 1.0315567865300002 57.2206986087 2.08049047849 66.0935020021 8.0824343876 29.5840033765 35.361647477999995 49.9507155299 9.53561999317 30.9946387733 1.3221793647500002 18.0748548872 1.28682250496 51.7778804589 4.27120446571 75.73121899840001 8.5894686653 30.0898753227 1.23144042786 20.1318757126 1.16989642513 NaN NaN NaN NaN NaN NaN NaN NaN NaN NaN NaN NaN 1036.54036403 629.198073032 1911.9228659 705.853251572 1623.16817891 175.312225491 858.728694154 120.291672547 363.352871364 42.8798970008
UGC06998 0 31.0 0.700984751835 0.0352464267948 0.858903765099 0.0338122061954 1.40573480997 0.253720427674 3.79294712969 0.310988050513 5.61266791846 0.555030232623 6.67937898614 1.19813133094 5.228723282 1.61820727765 11.422645729 5.993292977199999 -7.05748491901 15.5811032721 6.240799697410001 6.69845189815 5.09826630392 0.8283020996220001 3.0654685447600003 1.09397144536 1.44521517523 2.7261610648100003 6.6436949053 7.43737239731 NaN NaN NaN NaN NaN NaN NaN NaN NaN NaN NaN NaN NaN NaN NaN NaN 271.64478417 328.993553204 512.435425682 309.499254738 132.59133392700002 82.19955567299999 105.061846732 56.9928960358 20.1561243528 36.6126909558
IC0755 0 17.94734399 2.8817591039100003 0.137194252149 3.36561651084 0.115351569028 5.94538400318 0.301957313154 11.7072309495 0.388676658887 15.5256215564 0.493902478105 17.330033129 1.0854827456 20.488847362 2.62583240674 16.547282190100002 8.329575318369999 13.482557946 27.7021503072 17.1238340865 14.1490521574 11.3374539529 1.19699642074 6.58909293521 1.49620189997 20.6296624111 3.65906007706 50.092744708 7.90423990596 12.0746843225 0.7093368979720001 8.91769653869 0.603795601171 NaN NaN NaN NaN NaN NaN NaN NaN NaN NaN NaN NaN 1374.93933791 559.678561928 1675.94602916 439.942422538 770.608770382 109.871511501 394.812293024 80.5573919924 157.763044405 48.3611266423
NGC4037 0 13.80385356 2.99930159921 0.140630150745 3.71903314569 0.314018632245 12.8337005763 1.4191726880800002 37.4759985373 1.23291829998 61.1952712707 1.07642118859 81.34262660339999 1.22865746171 93.0995919328 4.075040883250001 111.900181781 16.588841436899997 164.44540474899998 80.3605786058 113.145961596 33.778528793 52.949313619 2.3925659578 29.3522267517 1.92049818857 69.9741748312 4.91637311525 110.31279096 13.5999748592 NaN NaN NaN NaN NaN NaN NaN NaN NaN NaN NaN NaN NaN NaN NaN NaN -407.805980651 1248.37047653 428.704948501 2538.46946977 2330.54193558 236.60498056 1243.1135980200002 213.277348269 468.077786924 71.0530944572
NGC4067 0 42.46193514 1.59991611844 0.0740693668175 2.30200024589 0.0710889317103 7.17416184635 0.440450906215 22.5149236809 1.83500739825 37.8764366735 0.4119992591699999 50.1908268455 0.911926827297 59.551657145300005 1.25912896532 82.9566602352 6.46531802429 127.103984912 20.3747181178 83.6204918026 9.61551645617 40.298477029 1.41727500834 22.0511334498 1.1715890234000002 62.66398863 3.84233372073 68.0443923862 7.13185814214 38.941609295700005 1.62139110955 25.4978852726 1.14888956862 NaN NaN NaN NaN NaN NaN NaN NaN NaN NaN NaN NaN 1746.9143276900002 492.715219848 1955.1027525 705.976187528 1557.25765657 117.974856491 670.143663376 83.32343606799999 263.659173436 41.0485836185
NGC4100 0 19.95263191 6.40185147454 0.295617114041 8.59654290323 0.249627707841 29.3836757994 2.50310245231 99.7949695313 1.95143459037 182.302824255 3.60781660455 252.088915968 6.93209778891 318.88137684000003 17.031127308000002 370.656421278 57.1040723356 450.56751615 113.976153709 250.725304985 114.258025135 251.002385058 7.932298052849999 148.071069831 6.30117189989 636.6750993469999 30.2938070359 943.999406878 54.6028215747 238.319461608 7.21428933678 160.3327571 4.8904481528 NaN NaN NaN NaN NaN NaN NaN NaN NaN NaN NaN NaN 23192.8432753 1790.25406387 29338.0015062 2259.25283384 15089.4944239 866.889154726 6734.21615716 407.852781624 2586.45707069 199.071432468
NGC4111 0 14.85935407 0.350674171206 0.2263430822089999 1.76893691146 0.142872261762 33.4961448044 1.75468014011 143.532798059 2.19343351325 253.939103731 5.81596215216 399.815368424 10.6784628744 483.883398633 17.8431023099 661.098331711 39.9232691182 905.214401988 196.16949843 652.245119634 70.9152324161 320.160622433 10.1041638062 166.70887355399998 6.38095602147 82.4459976631 11.3758081004 85.6870378283 14.4348051848 NaN NaN NaN NaN NaN NaN NaN NaN NaN NaN NaN NaN NaN NaN NaN NaN 2393.80558757 543.4342742800001 2305.59597704 510.9675007459999 921.077459449 348.564826449 409.9998722520001 237.260648906 188.665733739 117.520941724
NGC4116 0 17.1395812 9.42042411071 0.5836762017530001 12.4603834664 0.3638789249019999 22.2152229152 2.20879945685 54.270115681700005 1.46870239063 73.2642998731 2.79890649924 90.7499869654 4.957715729609999 93.9199002591 10.6150228697 119.029133413 42.6319500435 142.018140429 47.7888405381 110.007041311 54.3513558084 63.537508790900006 4.98405740323 41.3576012682 4.1421140975 162.233618147 13.9881652556 247.822596075 26.743733242 68.2204537366 3.01821349827 NaN NaN 75.3625073041 4.003016940639999 NaN NaN 209.831317572 12.0119208564 NaN NaN NaN NaN NaN NaN 6105.290950709999 1564.23686793 5874.39630135 2031.37607229 5575.85564013 350.70115324 2918.6568072600003 243.69838937 1304.70243778 115.820150553
NGC4117 0 20.2 0.263479371709 0.0294540455645999 0.4701785698049999 0.0324613854658 4.60484501426 0.634348079185 16.4759945412 0.399006652338 32.9806211454 0.781006129418 47.1952893439 1.29321776174 56.879988031900005 2.0632786203 76.6609782667 8.61039001785 72.4041580821 31.9826850905 72.78845808290001 11.2130169637 33.3728735234 1.51672614874 18.103480943900003 1.32250066077 23.6808741668 3.12593092821 44.1876257477 7.19967605578 34.2270569793 1.53453239874 22.9976771265 1.23394687379 7.57177887177 2.95473566822 16.8894674101 1.01593288549 43.5854956149 5.3101470417700005 NaN NaN NaN NaN NaN NaN 1092.91428729 350.618797886 1689.00691991 287.372122896 572.5870823680001 137.263444085 293.970812601 86.7214574202 74.78761825379999 44.6090633659
NGC4119 0 13.39 2.94485306342 0.152123145822 1.7084095089 0.219896442715 20.9446314857 1.04199769341 80.9230979894 1.4679142372 142.951195052 2.10189776141 199.95866744 3.08467702849 227.832335939 4.62492296778 211.948048032 22.8829183182 173.10671770899998 57.3752505607 100.179698154 36.2882402417 143.542537189 5.805726534970001 79.6435436821 6.47898385467 55.9388749692 13.141656214 71.8864560305 50.734346458 NaN NaN NaN NaN NaN NaN NaN NaN NaN NaN NaN NaN NaN NaN NaN NaN 1973.14968973 3114.89491406 -4448.52771431 5219.54793814 1361.2991512699998 427.537714783 554.4852687739999 272.8034318 189.325389246 150.381743392
NGC4123 0 20.1372379 NaN NaN 12.7904477048 0.366417161817 34.987128013 1.26682385826 84.5184834935 1.52630808039 130.516840605 1.65569460637 161.992965793 4.43451283069 222.363812047 6.812041961839999 239.399630033 18.4355287804 252.589407512 27.3202607451 262.906436165 24.6864049048 125.017177843 5.332210858190001 71.6546877652 4.79892741661 392.108475389 20.1570182614 1279.35001387 82.32731941809999 NaN NaN NaN NaN NaN NaN NaN NaN NaN NaN NaN NaN NaN NaN NaN NaN 13586.8548067 2594.2166864 13284.4556435 2977.1606517600003 8196.4910184 504.86548004700006 4181.49302464 348.93241977400004 1688.2818711700002 165.79705641
IC3019 0 16.90439714 NaN NaN 0.4383209365959999 0.0413763056335999 3.58335197143 0.323691969672 13.5628704817 0.2820329539739999 22.6810395319 0.485813268672 29.8486872516 0.884503070351 32.6434856947 1.70156603789 42.8420533533 5.443637921530001 40.267044661 18.7177815941 44.1125083696 8.82495391368 16.2264663616 0.975086160714 9.04663607007 1.2899101454 3.45253273124 3.41023552614 -3.37428102483 9.23455896057 NaN NaN 6.891260383660001 6.43961857448 NaN NaN NaN NaN 0.920463321364 2.12291915435 NaN NaN NaN NaN 8547.687608260001 2844.56723352 83.64221782460001 290.399042457 78.3868361249 280.616262523 -57.3168807891 134.599215538 -56.237064143 81.502280379 -39.0680056021 38.4129829001
NGC4144 0 6.886527682 8.7734817708 0.397226761561 13.2738880328 0.372554924175 32.9652349866 2.20977791573 77.60187772889999 1.56391164736 111.836416747 2.53974737039 135.215188264 3.56423912601 150.759464345 18.5024825672 173.747372882 32.825047814200005 134.685880217 64.9891632942 167.593459851 33.5417240405 73.6141193739 3.79735478538 41.9470265143 2.94461941622 55.2287423179 8.781710480780001 116.507497922 20.2367940808 NaN NaN NaN NaN NaN NaN NaN NaN 111.427977263 6.3264923312 NaN NaN NaN NaN NaN NaN 4718.88352296 667.166021735 5452.08124031 638.1382541500001 3635.17531448 320.88497767200005 2193.94719084 214.049330687 1107.15293587 151.845597233
IC3023 0 7.69 0.779223791251 0.0452577430143 0.661379155931 0.0387686400798999 1.11261923484 0.197267731962 2.5690934751 0.258628862514 2.86980834664 0.360289821747 3.3951728971 0.6186307595899999 4.28051530854 1.50027762669 4.0106799867700005 3.62824636212 7.96339047034 11.9686406835 3.93682157897 4.974491389120001 1.2159277648600002 0.56117803516 -0.0318440868757 0.895588553811 NaN NaN 8.57857136684 6.41885170597 1.57701007638 0.516630145529 1.44650656489 0.6417256318510001 NaN NaN NaN NaN NaN NaN NaN NaN NaN NaN NaN NaN -103.321395517 185.967896603 -177.88466406 170.44411472599998 54.8261784361 69.6496824695 56.430284097800005 57.1244601142 28.0656760747 34.5319094006
NGC4151 0 3.890452817 13.1968916166 0.602746798651 13.7925350057 0.406999818295 102.461423835 1.6816556787 179.127212525 2.17466802761 307.342563054 3.0009258678 426.671842272 6.3277963118 527.581981757 9.6698068912 682.993706568 21.6311178473 792.382368534 39.7594378289 781.044798861 26.7208752389 569.999209746 17.5518866631 628.212886627 21.9512319265 1852.15753275 86.41519922760001 4948.96143639 279.602768778 NaN NaN NaN NaN NaN NaN NaN NaN 4579.690968190001 229.348697522 NaN NaN 10522.9972634 1933.34053629 5571.29933089 1861.04479415 NaN NaN 7657.339680049999 1501.99255307 5748.06271467 515.0089704989999 2781.74851354 295.121808561 939.504706283 232.249471481
IC3033 0 17.94734399 0.85101761386 0.0926995604796 0.937632941714 0.0407734063258 0.7230506822930001 0.659106990719 4.58167496421 0.582639076727 6.091899633410001 0.6637665061119999 7.06939292579 0.947798070733 4.30001286667 2.4289941468 3.90057350704 5.40304911556 10.9131427333 19.8711528849 7.04333764147 6.93447145795 3.77254617337 0.877572664994 2.09659338105 0.959258401832 -1.55466008459 3.49932307964 -1.12037794273 6.92189527989 2.99178342413 2.07737816169 2.07829983787 1.11002479852 NaN NaN NaN NaN NaN NaN NaN NaN NaN NaN NaN NaN 213.617878184 319.90949868700005 10.8184612554 214.69269107 147.843486471 73.646691728 97.382859962 63.7143589569 45.5268075194 27.6066558879
NGC4165 0 56.75448497 0.49046852683 0.0307377764668 0.772967106454 0.0343488002552 2.20464674935 0.448036273856 9.79071745722 0.5866391030289999 18.7251756762 0.66183614763 25.7691827122 1.01184653837 22.3787674028 2.30342246825 27.4581878714 3.90557305067 7.44154991354 14.4056761095 18.489854592 6.3223402518 19.4298751721 1.21213418865 11.4604603478 1.0507799270599998 23.2136082905 3.75137981057 17.8552127253 7.98322302871 18.2929889353 1.70653983172 10.7310218663 1.07770153816 -2.53639290071 1.74171056398 22.4284190362 1.71652634507 36.8176550342 2.86623971947 NaN NaN NaN NaN 147.996180105 295.802155094 1048.21656496 268.117836499 1392.17686602 304.422675366 730.262116618 86.0802791821 312.282454316 60.8757905021 143.43244338800002 39.9108021301
NGC4178 0 25.00344 10.5147950832 0.4755042551889999 14.8856859075 0.411527002991 36.521438609 4.51026358241 75.98653256840001 3.39661886849 120.954607497 4.71500826445 149.520956195 10.0750218076 164.630149867 16.5161066427 128.889316607 83.96056134370001 162.885413492 71.9397666836 147.49497505699998 80.31840108099999 102.563670082 5.194676556019999 56.8245231273 5.6451481086 235.62869764 15.2247415681 363.733250181 28.7610086762 105.328594332 3.94180874586 69.692209613 2.75615476164 80.0075235257 5.561176645480001 295.743778377 8.99939383142 387.298223573 19.5903248934 5459.46503649 555.1908081509999 16010.9370672 1933.26182063 NaN NaN 13805.4611386 1348.39694334 15573.8656218 1402.52099912 9376.83652487 524.105812126 5005.12175712 284.74551567400005 2213.70577677 137.329700334
NGC4179 0 18.4 0.258311073793 0.124794995536 1.38617883419 0.0862580054546 21.2885500538 1.42885566448 100.760260623 1.60844877868 198.731184781 2.03749364885 289.67048705300004 4.82350698904 354.798976492 6.71318603924 529.360202229 24.4270872085 595.867174618 60.79245999450001 471.262063836 33.733614117 240.659126623 7.252703944139999 125.85128514 5.847067174729999 53.0542244117 8.19302270128 8.989373064190001 19.2151844879 NaN NaN 138.72880784 4.30330115652 NaN NaN NaN NaN NaN NaN NaN NaN NaN NaN NaN NaN -716.52862086 2012.6976607 37.2420262895 1617.51951831 213.836051749 229.768831769 134.007695841 181.362559631 59.020105233 94.1729049407
NGC4180 0 34.99452869 0.601962035425 0.0352228238131 1.36976180263 0.0645967469689 7.60683116104 0.4164182875309999 27.7837040171 0.459032259141 52.9426993237 0.8200501965839999 77.6405480353 1.2596088768 95.5953487708 2.39382098436 151.41009738399998 5.47202421654 178.085788449 12.4857629657 138.317369888 11.7618045207 83.03206067320001 2.55605119821 53.5484055066 2.35705485916 221.208123646 10.6034417064 328.789265312 20.586883806 82.2607515145 2.54493814372 57.7276691719 1.85432891744 NaN NaN NaN NaN NaN NaN NaN NaN NaN NaN NaN NaN 9765.25159258 918.816474936 10859.2989285 1064.81416706 4337.92799144 254.109252325 1752.43837172 118.165586378 592.561957119 52.646871149
NGC4183 0 16.67247681 3.5038215691900003 0.244407532199 5.59506420376 0.163369285322 15.5765415463 1.67684204091 34.6635608412 1.24712013934 53.1531511451 1.45259490925 68.5166444252 1.88020595943 73.49146224409999 5.97866204073 68.5524449233 35.237286077899995 -8.391966494750001 238.762193158 58.8875763285 63.7908892004 51.9165972101 2.47126956045 28.224150309 3.23277281558 74.88755206319999 5.21975774759 94.8470003322 14.8009939486 NaN NaN NaN NaN NaN NaN NaN NaN NaN NaN NaN NaN NaN NaN NaN NaN 3468.60653554 481.960710634 5945.61927021 552.377196044 3738.2789156 270.624408828 2253.81924753 176.84126519900002 1061.71630992 82.3057948159
NGC4189 0 22.69864573 3.86204962015 0.178759097689 6.69440480892 0.190318969186 20.7643338515 1.7638632496 59.8495276892 1.04569967736 94.7622056431 1.52898007389 123.966576544 2.26111222693 138.84555489299998 6.11406839301 193.660827963 10.4626801486 233.044737915 40.4351934177 158.79869452100002 19.3606966909 97.6978973599 3.37842889379 57.5820340935 2.84111150786 287.011505292 15.0986027692 460.358464521 31.1345992803 92.2141043296 3.13074657284 61.564115109700005 2.10199351584 118.004015664 4.43216672327 317.634405066 10.025027212 364.185761908 39.1509668691 NaN NaN NaN NaN 5407.92766185 1169.60246799 10725.083829 1029.20115943 12457.3364743 1880.43936256 7172.289206070001 450.458950529 3090.87730328 234.692470259 1082.59150195 106.885876697
NGC4192 0 12.70574373 NaN NaN 14.9128449152 0.49028198058 65.4390057902 7.007470777809999 252.879420651 7.23283823044 474.02631656 14.2523274514 677.9612520029999 13.2717458818 832.509420118 35.2769449318 1198.0978095199998 131.381610342 1338.63950074 230.524721359 1241.59542189 207.401354831 625.093255045 18.8441451756 359.741727576 14.7466709309 971.589136204 54.1063121956 1104.41189705 81.5814073558 597.495119586 18.0597256286 387.364539979 11.719270003599998 NaN NaN NaN NaN 988.709926408 49.7871151546 NaN NaN 45627.9167877 5479.586678819999 16260.4666238 1321.86381034 27553.3132971 2020.22071734 44228.5913539 3196.98369721 26857.1265569 1747.74330263 12708.7639071 789.7992310889999 4725.65460757 389.757101506
NGC4191 0 45.1 0.336746341976 0.0274599788064 0.567627106358 0.0412746319046 4.979927078569999 0.440331338486 20.9763002576 0.4092050952379999 41.0721921045 0.650862099746 59.0919266431 1.45567979521 72.6565291672 2.42893175062 107.390982855 6.44052014028 97.030888496 11.3334969464 98.8236192314 8.46769987688 44.1525101253 1.57490463354 24.6127334366 1.34151523201 18.3897379387 3.6395367484 2.98262978695 6.85092367155 NaN NaN 26.7415165204 1.78613902213 NaN NaN NaN NaN NaN NaN NaN NaN NaN NaN NaN NaN -626.69035299 1028.85617367 -31.1329723145 691.1646229940001 389.362401811 88.38887432179999 175.468579961 65.69225826270001 9.49598219642 44.221859444100005
NGC4193 0 35.97491329 1.4249568485000002 0.0716908569563 2.60227484351 0.0811251377257999 9.74617664696 1.03108314811 30.8738955023 0.7185195444460001 56.2182621372 0.963100368591 79.084852372 1.81291451265 92.4967895288 4.29308641236 127.347335443 6.46112693257 198.301645299 27.3735422685 110.677933477 14.4274277991 67.04167763790001 2.41100088888 36.6416710331 1.82049415935 104.838848721 9.924839929449998 157.509611108 18.0650808871 64.15022727319999 2.12904953821 42.6445993898 1.37116583929 NaN NaN NaN NaN NaN NaN NaN NaN NaN NaN 1541.02768986 444.457070192 3500.68588184 523.4923802730001 6216.17498857 645.344498535 3533.93563353 229.4885295 1723.76544579 139.74421662 676.4419998770001 71.6068135922
PGC039052 0 39.43200437 0.1606654333509999 0.0156456308544 0.315783420904 0.0226010956324 1.18509031972 0.210288042638 3.94431786726 0.144374779162 6.97301025247 0.362443281615 9.98261338921 0.879235621029 9.96424681636 1.5652627207 20.3264819222 3.26097095084 26.4721272528 5.51157255088 15.4021667656 6.01077724043 6.75783222675 0.620040927333 3.537144422 0.7364587114019999 7.71680385774 2.11027440132 7.01667781855 6.1029516611700005 NaN NaN NaN NaN NaN NaN NaN NaN 7.4815150912 2.96052009387 NaN NaN NaN NaN NaN NaN -210.475962376 181.794304443 163.423856053 169.913098674 193.571638621 74.6096738257 95.7562817312 50.1935083992 11.9446418229 28.756304440300003
NGC4194 0 39.1 2.45189581265 0.115394069936 4.76270976842 0.134108642576 12.5627208404 0.466540431657 32.953282182399995 0.5119952421820001 52.848661243 0.851019780717 62.8110768128 1.1233729044899998 71.29405222930001 2.16563679201 120.968353569 8.57565319722 192.091154929 37.6012496562 142.698347165 14.961975014 82.75669055499999 2.70493866797 72.55014633100001 2.79253341211 767.093870198 35.4580310671 3620.07272782 202.984796599 92.2756500209 3.14470984586 78.0036359675 2.64275509505 244.750972801 10.0536807525 714.331976974 22.0994089663 3651.69102778 183.92106341700003 NaN NaN NaN NaN 25523.5259619 2137.2964527 25376.751056 2043.47438424 16079.701207 2380.7513099 5444.38725902 323.156307805 1884.03209152 152.34512099100002 544.040436547 139.270982027
UGC07249 0 27.41572438 0.624659559681 0.0354476308477 0.813929514936 0.0320151082688 1.44531427252 0.414528598184 2.87099118245 0.2876842932689999 4.16016550053 0.47539006256 4.3993111569500005 0.5828521823599999 2.52568572748 1.81139023527 2.45721930772 3.72963441888 -3.71925499334 14.5298995148 4.92102055947 6.19011831972 2.76332333597 0.577152148298 1.61513971385 0.984889339097 1.98574761321 2.55007923267 2.16142747067 7.00440173404 3.72343783594 1.19472350684 2.59571436402 0.62277301209 NaN NaN NaN NaN NaN NaN NaN NaN NaN NaN NaN NaN 340.461337727 255.50634101800003 560.731198292 189.386574502 247.665524986 83.0790022555 199.329613283 48.538170494300005 120.191546517 39.5319338063
NGC4197 0 25.00344 3.19093062933 0.147503911525 4.219890305 0.1232209843859999 9.69177871542 1.41556155418 22.2161248586 0.7057288859499999 36.4009790047 0.974562746763 45.8169641662 1.42168782722 46.800166375500005 5.68585642969 58.8478039153 12.2613924059 82.67090376690001 41.1095021456 69.9677280722 24.6874217584 36.8419304646 2.34383519645 18.5531929726 4.279030242829999 98.762771596 10.2250930076 205.011013616 23.5178877774 38.4130607043 1.5074811527599998 26.6917769156 0.988065604927 NaN NaN NaN NaN 198.479920866 15.9816465272 NaN NaN NaN NaN 4039.40378225 583.401135989 5656.66578946 743.730270554 6612.23697982 691.2002240889999 3605.12280039 252.239004792 1854.319191 149.352980929 773.353824508 71.9125107452
NGC4200 0 24.21028069 0.315593045312 0.0283161704942 0.310282098375 0.0362353227763 3.91749909304 0.371080489461 15.5565197615 0.332863964329 29.1332054596 0.538299767801 40.466187003200005 0.936927587693 48.2885331049 1.71027816353 66.48304937 5.17630923717 75.9361444732 13.8627918073 61.3553620466 6.076867297300001 27.041684762000003 1.18812108605 14.7648336613 1.20324507146 3.64917822233 2.5624152068400003 -3.71153018444 5.486794946090001 NaN NaN 16.8611257871 2.11789959657 NaN NaN NaN NaN NaN NaN NaN NaN NaN NaN NaN NaN -67.1443938454 250.187889224 197.193184807 254.658832851 -37.0218110095 91.649429974 -28.9138082669 80.9212820249 -45.6554953628 44.809648838
IC3059 0 23.7683989 0.5943861502400001 0.0313564538175999 0.865756701246 0.0344797638642999 2.1891061953 0.757889633205 6.551603807499999 0.382363346963 9.45800747147 0.430389524049 11.4931560268 0.982262827854 12.7386192878 1.75304027087 14.6300545042 4.236802930830001 6.447719408959999 13.8024340831 3.08059016054 7.05222630937 5.48063185785 0.914259285061 3.02959034657 0.7036564800549999 7.3416612811 2.6225320136100003 15.9444874094 6.14997293414 6.39317473285 0.6426641178520001 4.21782088914 0.736344551571 NaN NaN NaN NaN NaN NaN NaN NaN NaN NaN NaN NaN 331.96895682900004 254.521416617 98.8785058658 163.247693633 220.483250664 80.4565048619 166.65759699900002 64.2492634717 83.5468678685 43.1828722017
IC3061 0 41.1149573 0.6441958563760001 0.0404656762568 0.99587743469 0.0507250980737 3.21353873382 0.486277462783 9.94823852522 0.545845883609 16.8813720241 0.990420464808 23.042469389300003 1.32593511515 26.0960329546 3.2924066512900003 37.4310122948 6.9185916134 42.8482045883 26.1499436725 36.6749560808 12.5082786976 23.0273106797 1.09517710453 13.3124622237 1.32535414194 51.4560912088 4.92962546294 64.3470658028 8.874023288330001 22.6331964393 1.17108868041 15.4226107107 0.887087769452 NaN NaN NaN NaN NaN NaN NaN NaN NaN NaN 1033.656441 483.61891266 1401.15447796 442.455305079 2903.83973797 497.442895007 1659.07033727 143.87468719999998 819.0980258129999 111.066221543 350.272406125 58.5588794836
NGC4203 0 14.99683597 1.23645467469 0.0697206557315 2.40532414729 0.145552817505 28.5932330772 1.07295886477 154.050031956 1.70157600656 303.570410278 5.40459550702 451.104031585 4.20271265478 547.884439556 11.2830662219 807.195988684 21.4956687855 892.151845525 88.5779898681 747.427143754 33.3689312129 370.032970212 11.1954727107 203.139383175 7.97271468747 131.732611755 9.039288691 104.664247331 22.3902882614 NaN NaN NaN NaN NaN NaN NaN NaN NaN NaN NaN NaN NaN NaN NaN NaN 2738.09183309 930.407181403 4513.90536774 1023.81500845 2495.25474861 256.023307689 1309.50896033 198.75558696 483.813718949 134.050409186
IC3065 0 16.2181024 0.0657410640386 0.0135867352424 0.32357792449 0.0236481862938 2.61919010641 0.317121320211 10.4601620474 0.198412282112 18.2904967629 0.3409238326779999 25.209728699 0.6994830536600001 30.1312343876 1.70101768712 37.387480924200005 3.5372894453800003 34.9230204252 9.36924536789 29.1429771295 5.88244300761 15.2861294489 0.773478960559 8.97896663881 0.912587944827 7.52950418678 2.31343073966 0.680053706296 5.52499853698 NaN NaN 9.98133155298 7.57787318069 NaN NaN NaN NaN NaN NaN NaN NaN NaN NaN NaN NaN -105.560861174 199.891148362 71.4219405305 187.375100655 38.1126993795 77.6505862026 0.0803149217678 54.2582468776 -11.1224818825 28.6674943534
NGC4206 0 18.87991449 2.62175818196 0.144759507045 4.29971894516 0.16651657532 11.7394687652 1.49681145417 34.7097494874 1.68058986024 58.9863196302 2.6508277594400003 78.6446551339 4.14248450116 90.3080712259 9.92370092051 114.977394284 30.309597535 136.364737451 42.2653277991 109.150468905 42.4738557047 63.5934324201 2.82552662046 34.8935171919 2.44703229813 91.2660738227 8.98097717849 116.290394248 17.319041482299998 62.9231267023 2.07645410959 40.6070041909 1.30837574471 49.353485856000006 3.62647027123 97.7442230959 3.43931138698 NaN NaN NaN NaN NaN NaN 1073.84360508 401.51881226 3548.33153907 957.672528868 5660.88678681 703.915953305 3989.23047162 282.596679186 2343.84210551 205.742970678 1082.93761154 103.53052919
NGC4207 0 18.03017915 0.744535039679 0.0438214614375 1.00961461091 0.0410501417481 7.993618515820001 0.786969306025 30.9888635269 1.3990369177300002 51.5312435947 2.6412917912 68.15551000260001 4.20984469815 93.3879225342 3.77966851087 111.893501598 7.62874163892 138.771674782 13.3026649744 127.725629936 11.4814747292 67.04418264120001 2.15390743208 42.1527864318 1.77521681031 192.718602416 9.26984208565 245.901867284 15.9309939062 66.05143706839999 2.09704135433 45.2550145948 1.61777627051 99.0788334243 3.2170667883900004 235.190036612 7.18363115604 241.065446097 12.1781183658 NaN NaN NaN NaN NaN NaN 8669.44913957 861.842338842 7915.31440183 1853.04087294 3700.22570068 218.047675413 1500.73844192 112.491531882 480.13560874 -26.4074584807
NGC4214 0 2.978516272 90.5756499412 4.07962870793 108.470094377 2.94132014857 173.379825821 5.35340520539 382.3046984 4.500213838800001 528.266174554 6.5227235171 624.940194927 8.806033687060001 675.858729752 29.4932320583 762.015352557 59.0106904068 1175.77992675 211.448195925 846.344882662 116.269813369 357.863486736 14.4631316948 227.816317958 13.1779709926 660.496828392 38.6073742567 2048.55699664 130.679866159 NaN NaN NaN NaN NaN NaN NaN NaN NaN NaN NaN NaN NaN NaN 18957.2522891 6357.67490502 39177.4882205 7265.51217262 37128.702973800006 4722.04752706 19818.0677125 1436.93780043 10720.3067107 887.189115756 5020.55593991 467.772228491
NGC4212 0 16.90439714 5.34286125243 0.2481861485519999 9.72891881141 0.270718105384 32.69629596790001 1.33578984596 98.7604526316 1.00747324632 168.751213428 1.72479290659 223.289850655 2.69397548524 265.492258271 4.57644864438 361.193145717 16.5519559817 455.5399029020001 46.2602277565 371.47681785 25.6282461411 192.147432663 5.82867894415 116.862572432 4.63107875645 587.01072111 27.7899422508 814.388065085 47.3384964925 NaN NaN NaN NaN NaN NaN NaN NaN 781.5656563409999 39.4878039829 9885.72089959 1004.01411442 23693.5458135 2945.20648926 10297.8849017 1252.74642677 22159.6054134 1677.93008617 25719.3536296 2089.74634219 12590.1570163 712.2032225300001 5175.97752635 327.553630554 1741.7927873800002 128.918572815
NGC4216 0 13.80385356 1.97075004153 0.6549603544689999 4.89416249276 0.279147185844 59.4520348397 20.6677096617 260.285169402 4.69548987189 546.833397093 8.053735210700001 851.071147052 10.2455581788 1062.02034028 61.3191286095 1637.6874996 140.835068684 2057.01609237 328.298232172 1688.43411235 155.183365525 855.191475453 25.349351303 462.962143812 17.3561897027 667.166429563 67.2428407644 489.96604181 111.827116336 817.034829205 24.6016279998 511.152319225 15.4410278401 NaN NaN NaN NaN NaN NaN NaN NaN NaN NaN 5348.43491014 1232.67410389 18264.1035315 1397.07989913 33446.6160972 2449.4194443700003 20930.9777631 1315.48501335 9845.39861954 641.955225282 3732.78873762 276.162722458
NGC4215 0 22.69864573 0.397633614095 0.0283722558083 0.45543561278 0.0409197975977 8.98168399353 0.622547916093 37.9780200906 0.6835584858079999 73.0631094085 1.35927852088 99.9100167267 2.93509283275 126.670484637 3.65844702035 181.485140528 11.4926986532 213.01811961 13.0973044097 166.183878385 16.134151582199998 82.8178569048 2.7817500476 42.0512263258 3.00229560828 16.7674848491 6.04758793178 5.83620126744 13.3268222322 NaN NaN 47.8932344309 1.70893598132 NaN NaN NaN NaN NaN NaN NaN NaN NaN NaN NaN NaN -564.918763666 442.104825262 196.645065519 406.309130007 -9.94165247376 79.5028154398 -30.8954339305 88.25088737349999 -31.0747979146 50.4084352958
NGC4222 0 19.76969657 0.840148344953 0.057990434579 1.23172966573 0.0755223316233 6.1382427177 2.37728644249 15.1188881069 1.08424719123 26.953313073 1.38157959432 36.101477174 1.904775288 43.1323521459 4.47432941133 60.2901579788 23.8636633942 86.1033208459 51.9977874113 58.140247485 21.6475063705 40.3086361659 2.01259315893 23.8916821199 2.21448250281 86.7382095062 13.049204157499998 132.407980463 21.2588356385 37.7493745566 1.5687606923600002 NaN NaN NaN NaN NaN NaN NaN NaN NaN NaN NaN NaN 1823.9909506 495.919271207 4412.78626701 811.94535455 5580.93640462 645.4552972299999 3477.61413435 270.87733011800003 1930.42726438 159.018201707 847.131337739 84.96384104309999
NGC4224 0 57.80961591 0.203045381529 0.0383352068666 0.646718285645 0.0709500000918 11.3781054977 1.79385820481 48.899901664000005 1.3348487582200002 102.315328165 1.70178461269 151.074265061 2.28158730468 189.100972975 4.07253397177 263.58688243 36.6887053007 329.25781756400005 61.296144281 225.480208087 68.4907830014 130.323074077 4.277028995219999 71.1973713519 4.797155021319999 65.7203987503 6.44660245787 34.330089363300004 15.1823642851 NaN NaN NaN NaN NaN NaN NaN NaN NaN NaN NaN NaN NaN NaN NaN NaN 278.305319067 1636.8995002 1309.90686989 865.008311947 1444.90581584 164.918777233 578.7783143089999 138.49524626099998 199.24392247 63.1971238683
IC3096 0 13.98143091 NaN NaN 0.288927194131 0.0335533015265 1.70714704517 0.268600184053 4.6635552360200005 0.265384469919 7.912257000419999 0.324599995626 10.2436300218 0.744428005886 12.1281967639 1.46433779857 12.104815658400002 3.10011918484 13.9114993576 12.7841447201 6.410946292739999 6.3889380188 6.79698144925 0.564633120473 2.2888490371400003 0.811449929589 4.96084621389 2.0037274965100003 1.28975354827 5.84429581989 NaN NaN 4.56948672304 0.5338044582820001 NaN NaN NaN NaN 4.69964188433 2.25358043993 NaN NaN NaN NaN NaN NaN 246.528643094 191.331410283 480.192187843 175.742201465 156.53376289000002 65.97897633240001 70.9434396597 50.9245216315 26.8652023459 27.6346708995
IC3100 0 3.809393774 0.37143189542 0.0338207933605 0.157118646944 0.0299355452081 1.37288352415 0.256174992558 4.58369376412 0.339256737004 8.64159236439 0.4880292036929999 11.4188689777 0.836008742364 14.1615676165 2.2599455279600003 14.1931962116 4.37123844043 9.39189842511 20.6262980887 15.688343234 5.96236620051 7.29244192465 0.800794384031 4.74574312509 0.88137094687 1.9644842735 4.7161581023 -4.70980744655 11.0307007381 NaN NaN NaN NaN NaN NaN NaN NaN NaN NaN NaN NaN NaN NaN NaN NaN -19.4572856164 315.880586235 350.139966511 193.148302353 219.174197286 88.8355162184 191.556185981 67.0892836479 104.061150094 39.7302900756
NGC4233 0 32.96098077 0.117726245175 0.0317885439244 0.541647844567 0.0554287606883 8.4417852949 0.769676682033 40.0915922459 0.749568331521 82.0166192061 1.2004290786299998 120.322973558 1.72723732874 150.53103463699998 4.82666512874 235.648807676 19.8334947128 303.501394173 35.4387132766 258.71425205 34.1821461747 105.571267885 3.41458229686 53.126029142 3.85330072983 21.5931793572 4.090680771640001 10.3505993714 11.555499142 NaN NaN 58.9826994877 3.40885663816 NaN NaN NaN NaN NaN NaN NaN NaN NaN NaN NaN NaN 890.622880533 875.454438903 501.77388632200007 807.496328778 70.2240562059 113.430365846 76.5650302855 75.8441355157 -10.7132579315 39.9920226922
NGC4234 0 32.9 3.02890874856 0.137362848299 4.088579149949999 0.1129340304829999 8.60259964418 0.4126951715 22.7667096384 0.383192063321 34.185941074999995 0.5813717684990001 41.8197760448 0.8807172479209999 50.5522066388 1.96658529961 64.1734080598 5.1148831909600005 70.62530923359999 8.44801172635 55.056791676100005 6.0491991274900005 29.8237218046 1.1232707621100002 18.885839903900003 1.06635637384 95.2925340724 5.08914137145 161.163502993 12.6825660733 29.5559949347 1.32160694782 20.6230189484 1.22199500293 42.6367462021 2.4848415286 101.541403622 3.18536415331 160.161089886 8.466093100510001 NaN NaN NaN NaN 2417.45059111 446.158001173 4505.59443452 403.027325174 5161.33899294 648.0581643549999 2151.62346645 143.992428005 940.126131263 80.31013302289999 349.472804024 48.6217594603
IC3099 0 34.51434453 0.695799554915 0.1158389196319999 0.67260296034 0.040227640342 1.63875599883 0.457532870138 5.39699653548 0.411701983302 8.44963609285 0.620698788719 10.6159819967 0.96536447836 12.0647582244 1.99033572642 19.6659280621 6.13982258507 38.8532596523 23.8517405122 11.811470475 7.55060109198 9.61200796693 0.912098168288 4.12121374554 1.09559616484 4.446682941 4.25280461119 19.5939269725 7.551799277390001 8.18319082865 1.0329583262200002 5.59701791992 1.18368685158 NaN NaN NaN NaN NaN NaN NaN NaN NaN NaN NaN NaN 825.322451359 318.154673097 345.449924056 257.203298493 460.495610797 87.39127546 250.095454909 80.7109093729 62.4675414388 33.6721699446
NGC4235 0 18.70683488 0.223447316603 0.0427728103848 0.813374156627 0.117357035249 12.3330884733 2.62080691728 57.3123244743 1.03318196058 116.886937406 2.27221931876 171.907402036 4.49965716943 209.924638223 7.19593387977 266.955582533 52.9344651118 334.92099752400003 65.5711593653 317.11463345000004 50.8355514678 150.121163033 4.74203247126 89.124639555 5.78106365658 83.8764869911 6.20208304448 106.607671134 15.3943453698 147.65652753299997 4.74200599695 102.047912097 3.29062337158 84.311824659 16.7040763514 43.1328359149 3.2180438600800003 NaN NaN NaN NaN NaN NaN NaN NaN 675.461150024 1348.9723262 402.407673136 706.2781443169999 783.154831226 168.594526213 386.799172322 107.55184809 84.3484407856 69.43728834609999
NGC4237 0 19.58843848 1.54455906923 0.0773115132214 3.73478854308 0.109103458034 16.715993806700002 1.18149949255 57.8998741687 0.967688086144 104.820436077 1.57855742334 147.389717428 2.02443427324 179.72284341600002 4.24396065645 260.650426415 11.0798055865 353.604985288 48.095213370900005 258.657070067 16.7737462067 129.139919833 3.98706325485 75.1409538278 3.2407047513 264.304763146 12.8435596414 334.768557363 22.8366916722 125.947903685 3.93604894126 83.5909433196 2.69062382607 111.548937258 4.1513220761400005 267.563611328 8.16466162624 299.706959448 15.5708997515 NaN NaN NaN NaN 4654.808692619999 644.742183891 11562.8554625 965.057506864 14442.9429894 1156.94782817 7499.78058926 441.561701165 3093.13590097 203.064773363 1013.41439739 87.7536732631
NGC4239 0 17.4 0.37400494973 0.0444759660333 0.411266211638 0.039002970482 3.8007947495 0.685899730908 18.550397974200003 0.378135018617 34.3958076214 0.654945684261 47.4161396172 1.15304712063 56.8255147421 2.22906000986 65.17868977040001 5.89936203181 72.3744139447 21.0148125006 72.9000903524 9.01316306353 32.0419799632 1.37410257934 16.9774377094 1.0704601407099998 3.43332881065 2.1340935771100003 1.06709064521 6.58518099234 NaN NaN 18.1630892154 2.56825673492 NaN NaN NaN NaN NaN NaN NaN NaN NaN NaN NaN NaN 176.8346561 450.370698535 87.4185937151 340.479641935 136.248692455 82.6617335363 43.0100560478 57.3924046361 10.3155974185 42.6231308343
IC3102 0 28.0 0.239948455486 0.0832527029268 0.7128467854170001 0.0589078648257 9.22468357979 0.741993680426 39.5377236506 1.13092471537 77.5301236136 1.79099947166 112.131259392 2.46321948021 133.133869382 4.59986807547 188.537759282 16.235973462100002 216.233147229 42.5691259538 182.658772646 32.1442540049 87.3732118516 3.01885681989 44.0615036227 3.99956265803 30.0641032879 8.29797708497 45.4345616466 14.0966007401 82.4241918825 3.46488319464 53.4439201065 2.2508598188 NaN NaN NaN NaN NaN NaN NaN NaN NaN NaN NaN NaN 489.928617132 661.250153858 2762.18668452 543.859000833 1095.9636914599998 161.936993355 535.73939076 110.512539665 240.406203529 67.6192694854
SDSSJ121727.85+071937.6 0 13.8 0.114967496218 0.0144591647968 0.145324506026 0.0227055362837 0.128201675027 0.345837308678 0.6079381527259999 0.303466078117 1.14660828958 0.316335144202 1.43280188967 0.477812970073 2.23370917236 1.14137770624 4.56027755272 6.41209796423 23.6747752404 8.65389749443 19.719043831 9.65286135078 1.52781401265 0.788404236391 1.14846197204 1.23029530648 0.8557547567789999 1.84751122183 2.74836039414 5.93945292722 NaN NaN 1.43896911636 1.07759654774 NaN NaN 3.26817047799 2.22705265878 NaN NaN NaN NaN NaN NaN NaN NaN -372.501001376 203.92745626 -122.153756645 329.171369482 8.376390033049999 59.2546890711 -3.44410952579 46.6715917939 -19.0881170952 34.433083768
NGC4244 0 4.345102356 29.1985764782 1.33845762807 47.5354704485 1.31097191003 102.150127022 65.0936980675 288.88175228800003 7.30820933434 412.389781368 10.6424378294 515.45788578 36.4359179849 635.175576587 309.611031333 879.273664977 359.29643902500004 661.834724539 263.414452591 530.588806231 498.618467422 313.857632835 10.7697707929 180.660690201 11.9268038024 261.399558891 27.3254212298 408.849075284 85.3092164545 NaN NaN NaN NaN 138.633285306 5.37990163253 253.031693584 9.09949816315 348.795236976 19.2316390407 NaN NaN NaN NaN NaN NaN 15803.4226552 1236.54678024 21033.6724908 1537.99385642 16656.0893381 927.111422879 10587.9348998 594.621973249 5494.34548652 310.668212718
IC3105 0 14.12537855 2.4143614400500004 0.176648541927 2.55956671734 0.0754685301747 3.78807475642 0.4564595908609999 6.59232343788 0.378539746912 7.904471110060001 0.776780152937 7.97910056543 0.91224880765 11.2120887401 1.64872226495 -0.4943540585979999 6.81049351267 33.3090612543 23.537737655300003 9.95358558575 9.59397272434 2.96376306817 0.964390832868 0.761233514106 0.950668357227 2.99063325377 3.99752605063 11.1657182632 9.88296105937 3.88567021602 0.5877015634010001 3.15381559115 0.6593694202529999 NaN NaN NaN NaN NaN NaN NaN NaN NaN NaN NaN NaN 415.707939937 330.709391953 113.636439724 244.598764362 257.812537148 90.7886859245 144.6478457 64.01218288519999 40.0267170648 32.5423221492
UGC07321 0 23.33458226 1.52952253306 0.0859583800415 2.54737670961 0.106746808854 6.77358236789 3.00798846315 17.0495285888 2.11367536664 25.9672736577 2.5207947390300003 33.302006306100004 2.6217218985 37.342215087 7.807820321149999 51.9127753826 27.2810378453 111.51986416 70.5320865581 54.5587874572 26.1790441722 23.4630991577 2.99364382096 15.2389105442 3.1624565359 24.694523601 4.25416430006 30.6261079147 17.3006564955 25.6261555244 1.18070277802 17.9347870746 0.8635264002859999 16.9533654675 1.37455293678 31.6488702809 1.46449513092 37.9382822405 3.19331875443 NaN NaN NaN NaN NaN NaN 1134.28611686 442.63426322 1460.44110933 333.075478434 1627.11592302 278.798658798 1098.7956594599998 83.0235107143 459.28183984 42.7604822272
IC3115 0 24.43430617 2.1549301882000003 0.0991496787944 3.00697116873 0.0877375172552 6.52586978237 0.479093265374 17.6435573189 0.577079800714 25.8026709247 0.6113348715220001 32.0032904224 1.4259681632 34.9174584705 2.89705669777 23.4993445629 8.83377653234 -8.38675175822 22.3190501809 4.13405912993 14.0362853652 17.805047840300002 1.27225609859 10.5564291599 1.58702956865 30.4264765627 5.2704700224200005 48.0089073449 11.3539044928 18.6799987505 1.11774163615 12.7923480136 1.1363419394499998 NaN NaN NaN NaN NaN NaN NaN NaN NaN NaN 678.040314145 788.734753369 860.6241369999999 369.995853817 1844.0908245 869.145213226 1137.98516891 119.322133322 696.7256037650001 117.016112698 352.228367938 62.5513496686
NGC4252 0 21.77711264 0.994413996578 0.0482326850055 1.37005017604 0.0487259742401 3.14598353067 0.315841132714 7.43584157337 0.355229375209 10.8501399699 0.5721126181639999 14.1586489606 0.985048952698 13.7816325863 2.34032295403 23.3438924885 5.54536930117 16.5150350687 13.1298014429 16.5886130586 10.2432001303 8.51184840279 1.27554850516 4.764865326610001 1.25946319832 5.49319846582 3.32334644853 18.0841291984 9.15960662466 9.42751166509 0.969696892699 6.03904967876 0.67767129392 NaN NaN NaN NaN NaN NaN NaN NaN NaN NaN NaN NaN 930.502969832 309.902133365 424.466561937 291.798198999 360.965130204 113.272355836 217.140514554 63.0230106437 96.8241372057 43.7858696612
NGC4254 0 12.88248533 35.6198151139 1.6081743937700002 55.400430654900006 1.50563129879 131.64638556300002 2.14310443727 366.883120144 3.97030412058 569.8810903240001 6.01867641706 735.5815383849999 8.86453602202 759.217155465 16.941025517699998 732.962096652 37.6338539446 961.823221166 60.1198724733 1241.94777169 65.51502597970001 660.032403713 20.2332998675 417.418720711 17.6834016705 3631.06696166 171.27603029300002 4597.294012079999 270.724459227 NaN NaN NaN NaN NaN NaN NaN NaN NaN NaN NaN NaN NaN NaN 64088.412946 8462.90520747 103865.698682 10378.2264295 132544.94654 10387.1306125 63028.7231132 3693.6429229 25617.9914238 1569.6837105000002 8753.22129322 564.802750581
NGC4255 0 28.70781792 0.310737646576 0.0265686518415 0.306724793696 0.0292059503898 3.46467397262 0.385437525303 22.5519373474 0.38464467446 45.387277726 0.6445090849430001 65.4041600833 1.03289895403 79.5846239696 2.12268285804 115.999435666 6.41674587851 136.419153159 12.9271811879 120.335102755 10.1634489927 54.1895344367 1.83579845193 26.1955573582 1.77869668687 6.64793216137 3.40151068141 5.57133314971 11.0597780759 NaN NaN 31.3398815758 1.11259301745 NaN NaN NaN NaN NaN NaN NaN NaN NaN NaN NaN NaN -43.4615952133 245.321659402 -275.260318345 340.268170238 40.8250561185 79.4342034761 16.2046953298 66.49250901639999 -20.0615220618 33.6305520337
NGC4259 0 57.01637014 0.0690713483049 0.0573523453396 0.234109489045 0.0384741141301 2.24879093852 0.327812504676 9.59297446213 0.336171031824 18.6851830639 0.631363171858 26.8739457553 0.97780159274 31.5569444731 1.66220551542 46.639166826 5.601662093650001 43.5498332193 11.2650829309 36.102584218100006 6.6002378396 21.1712894055 0.89944008513 11.0726287927 1.10418033168 2.43921860043 2.1445733133 7.601746264080001 5.75447971188 NaN NaN 12.057426657 0.528485145514 NaN NaN NaN NaN -5.193234942359999 18.4681213033 NaN NaN NaN NaN NaN NaN NaN NaN -46.891778505000005 184.779040355 73.86005505440001 67.532393473 56.3477107776 61.3825710592 11.2234054667 38.4833623271
NGC4260 0 36.30780069 0.261666460527 0.0470092097204 0.727203644005 0.0779487920137 11.5640638267 3.3575476286 53.1847736497 2.18430347533 106.805392283 2.86397830626 156.494441494 5.45628146848 191.559537115 17.4400845624 287.568351947 31.8262534232 323.431153032 40.496925463 243.50923755 44.4575889938 131.373053256 4.324434866090001 67.6512881073 3.4129145906 31.4421709164 5.10162596607 18.7944905048 15.6118746091 NaN NaN NaN NaN NaN NaN NaN NaN 31.175009296800003 4.36971069929 276.211444041 85.0611173089 NaN NaN NaN NaN 390.548212278 806.466526413 929.31652969 542.836481232 1131.73402659 146.86205765900002 598.673353432 100.731537339 226.687981835 73.15691733210001
NGC4267 0 15.63146805 0.447830772315 0.0697747899278 1.18793687704 0.13842512713 20.6110705653 2.31198330172 111.497881008 2.0521299861 219.127090453 2.78017152479 319.419348261 5.1661279715 396.532385791 8.012085079299998 558.067554537 17.2740248672 600.906677956 48.9746484187 500.870762194 44.3497164514 261.364432586 7.97576225619 137.641030709 5.55143182994 65.9335640839 10.6273978936 76.5105545003 14.5902085259 NaN NaN NaN NaN NaN NaN NaN NaN -27.425892549 17.205252895300003 NaN NaN NaN NaN NaN NaN -166.691492526 766.672012847 661.1740812740001 620.4389468640001 279.99446466 283.97452725200003 213.227160816 202.898758271 61.8446757874 113.062064304
NGC4270 0 24.93 0.145054899342 0.1118885610969999 0.425309538792 0.0668331719682 8.51099664264 1.13408983264 37.4316821086 1.5010556779100002 72.04031378009999 2.11575684311 103.606426091 2.45193951967 126.481693949 5.331934818410001 188.996331746 15.5733247007 231.363635266 52.6527466506 187.303989217 26.1022369656 84.69475570590001 3.11199294114 43.8691692434 2.92383006383 14.1793107285 5.499148415700001 10.7351370083 12.7998754695 79.3337428975 3.07376682355 50.3960470594 2.33374423497 39.6959406775 8.31435017099 13.3765593515 27.1526983171 13.2735956619 42.5442339135 NaN NaN NaN NaN NaN NaN -777.926772285 410.391972469 254.947547302 466.265212443 38.7518899942 155.274134575 24.4844748799 115.531443687 2.07273234288 68.3743397131
NGC4273 0 27.92544479 5.606660988670001 0.263904482942 9.10990437403 0.24805020088 22.1471114144 0.418431930287 56.4447553947 0.6183767899560001 86.1478277429 0.954683772508 106.734002638 1.60001017171 118.927684557 1.90840329382 156.319915375 6.8700934631 164.445415266 17.137013529 147.718060229 11.774798759 100.713653427 3.11978614417 67.6333705416 2.56106328446 571.8293786529999 26.4693677664 1084.46971375 61.1631792711 107.204358999 3.40727836096 75.42188623930001 2.53659835193 255.437294239 11.4474279902 694.320380629 21.8703491716 1053.23461495 52.7350892179 13544.3981761 1357.7329147199998 NaN NaN NaN NaN 23919.7148107 1701.66325714 23528.6387512 1661.39987017 9930.88186663 551.659944551 3947.2926313 226.368021708 1372.76083738 85.4398374951
IC0781 0 13.99508465 0.0519498536262999 0.0198317128047 0.328650138261 0.0320808928686 2.96170544442 0.520961398889 13.4136615402 0.681886670795 22.6537874502 0.622753869516 30.6832092292 1.57953341261 30.673419609 2.60747930007 24.96443674 9.31014291764 41.8911355333 9.64739239486 31.947103935300003 8.8174284427 18.865628058 1.20392007532 10.5320397503 1.35595093717 6.26429422713 3.23465301855 8.354429047370001 6.98874371625 NaN NaN 12.167369433 1.13962768114 NaN NaN NaN NaN NaN NaN NaN NaN NaN NaN NaN NaN -159.723668358 369.40274517600005 -298.028541978 272.944625663 78.07485769569999 99.6861604905 83.527849 68.43759545649999 68.1539214471 42.198692522
NGC4276 0 27.54229066 1.63929377914 0.0765551917174 2.53404547585 0.0748085188981999 7.00833513966 0.36023229273 19.155253303 0.338000450406 30.1936474015 0.579133524106 37.566401761 0.690076636091 40.490008489 1.68136971593 49.3736891936 6.05665352481 55.5917261617 15.8576875064 41.284657143 10.0974012451 23.0875932378 1.31466202116 13.9957558883 1.23067737276 44.4239779992 4.089664278700001 56.2719878 8.405943661950001 24.8963481926 1.81642841073 16.7435829207 1.33321151046 NaN NaN NaN NaN NaN NaN NaN NaN NaN NaN NaN NaN 1240.84137975 783.094940261 1757.68545101 454.555488394 1454.1304497 135.388075106 629.60980284 91.7397411174 245.408284625 52.399202416600005
UGC07387 0 38.19440763 0.229816924439 0.11029500275 0.392551816768 0.0351477775761 2.14455284791 0.255889046441 5.72465807631 0.503554155071 10.7905244674 0.454054950226 15.4146807669 1.51008143457 17.9727101113 2.3953374593 36.1242628643 9.34979914816 60.1421258419 30.8425922488 48.7183999097 18.954999302300003 14.9972247029 1.41165005896 8.32867303075 1.68778796475 29.0787083377 8.42451865063 NaN NaN 15.5801543141 1.7008923058599998 10.6402902202 1.01771909024 NaN NaN NaN NaN NaN NaN NaN NaN NaN NaN 506.603861373 415.902666608 849.710624714 369.43561628 1187.8293553699998 427.804009952 921.719215205 119.160239717 466.633926427 66.9307236315 195.788970197 42.901072573300006
IC3167 0 13.79027854 0.0467756685657 0.0166862474131 0.208113309246 0.0226417735426 2.0984446185600003 0.265934391316 7.12048576553 0.250105220623 12.2502372185 0.400050131229 16.8071471431 0.6951973117019999 19.0380397312 1.43043529718 22.9600192923 4.27553416105 19.7765174725 14.1281023151 13.1035343192 7.732644763190001 9.65207605664 0.703891911574 5.44493123507 0.72180985737 2.98945485005 1.84800185231 -9.74552525748 7.34328422088 NaN NaN 6.7900985689 0.959148788949 NaN NaN NaN NaN NaN NaN NaN NaN NaN NaN NaN NaN -129.261472497 203.918307826 22.3779002149 188.653236812 56.1891042403 63.4211124168 28.1889666096 57.780253388400006 -6.09678731719 29.4754125851
PGC039799 0 6.321682141 0.5447145609199999 0.0303207914995 0.786081907214 0.0370742145089 1.4239914503800002 0.210379774024 2.3883693314800003 0.256968409475 3.43899717633 0.37786855762 4.08147722683 0.6434806848210001 4.30376772454 1.1708717967 -0.776040806637 4.76506025084 -10.3296914224 9.32530225727 -0.401490947838 8.802461466499999 1.81277186544 0.801339858841 0.253205714408 1.56035022751 1.15593350569 4.05477426254 -6.04380651073 10.3987815726 2.57564497605 1.14342174693 1.52152972228 0.782675576554 NaN NaN NaN NaN NaN NaN NaN NaN NaN NaN NaN NaN 127.865619895 504.972636274 132.039540795 390.196116077 -45.2538363338 69.43720929860001 -82.32618880679999 62.6239057582 -32.9992810791 42.30941361
NGC4281 0 24.43430617 0.696264163532 0.2355327242729999 1.1073056823499998 0.0956643017865999 15.3804866798 0.933280162432 87.28890372919999 1.03577169273 177.379327492 1.97064003342 262.373761785 2.75432155395 323.454416491 4.80098772871 536.0596942440001 19.257094138 576.624251155 162.71339245899998 465.616320001 125.39786751 236.171129353 7.512596186770001 123.715122249 6.2140033496900005 59.5029930142 9.19202131126 35.9577090289 31.9228375978 202.002797963 6.64367976714 134.05127785500002 5.21036573643 220.697570412 14.7791977284 1.69073582659 8.541621715429999 18.355144745 90.9236409569 NaN NaN NaN NaN NaN NaN 4468.24875936 1517.4564183000002 3874.69313767 793.790931357 687.002917996 239.710467358 145.88208073500002 193.669487838 -7.284522488329999 152.767745116
UGC07396 0 33.98416166 0.8031072897860001 0.0394893808567 1.16763368407 0.0404376354422 2.46905245447 0.25215605717 5.7567471041200005 0.2571367401659999 8.51552694031 0.418736399462 10.6414197441 0.56819471796 10.2340082133 1.77419058926 12.8392247496 5.64207955787 27.940767284 19.2695791662 11.3223832538 12.980000619 6.53735454549 1.07735186654 2.98678252633 1.4408787365600002 9.15514888889 6.51097373099 19.9241513736 10.1487658505 7.2709495013 0.903596721109 4.54873450241 1.27913383815 NaN NaN NaN NaN NaN NaN NaN NaN NaN NaN NaN NaN -274.639018403 477.487371026 932.856439788 402.715842063 203.227640816 79.9517128718 131.646049392 74.0283893731 68.51472458 36.573162614400005
NGC4287 0 28.57589564 0.2404005102409999 0.0307695083256999 0.551722559371 0.0353815537439 2.55487733046 0.393570192698 6.7552004854700005 0.318641481754 15.6454234678 0.586382359434 26.261440174 1.1281118950700002 19.1093461754 2.7613651587500003 37.5256536561 7.68260988949 41.243033552700005 14.2000082626 49.5747483536 14.0679394929 17.4384981581 1.24823661036 9.73424940047 1.24183181095 28.4313782447 3.16775729867 51.7095766801 10.1276865377 12.9955949355 0.806664588856 9.13643611205 0.5578921583709999 NaN NaN NaN NaN NaN NaN NaN NaN NaN NaN NaN NaN 1398.68499091 320.583122461 1535.64739614 296.85420129700003 825.8012849339999 92.9292140874 392.979210296 85.7994465809 142.705009228 44.6569522874
NGC4289 0 45.08169976 1.22466380782 0.0725896731843999 0.655663562605 0.152120868875 17.7507352937 12.157374699 17.1194676538 6.35241924362 27.509401353 11.5638635589 40.995139906800006 10.1715547893 43.6932426706 25.8390380445 79.9389865449 65.82927353230001 158.810935703 137.048524278 76.48685755129999 115.666253837 NaN NaN 35.8348148768 5.73770137571 NaN NaN NaN NaN 43.7238274982 1.44842794703 29.7043608855 1.16618292105 NaN NaN NaN NaN NaN NaN NaN NaN NaN NaN 1989.81906554 411.832220109 2262.04351416 899.9427521010001 3104.81139941 667.128651149 2267.4464838900003 230.550795103 1086.8001950199998 160.74377653800002 468.285692474 95.9013028433
NGC4292 0 9.462367957 0.1724592035969999 0.0209769823925 0.625513191401 0.0321901185721 6.96749121605 0.6671604215270001 30.2262476264 0.71540292876 58.6903116633 1.06307112842 93.8784252526 2.24090358861 101.926399814 2.66103872175 151.630860182 10.428792710000002 180.710995238 28.9135680663 142.50906124000002 31.680264905 66.4659876446 2.60654394199 38.7737691903 2.65211236554 17.032184069299998 9.92862974201 15.1491617601 14.532403399 NaN NaN 40.7754624816 2.17405457179 NaN NaN NaN NaN NaN NaN NaN NaN NaN NaN NaN NaN 796.0543732389999 358.41966252000003 692.565015834 301.46600154600003 558.522979327 103.024321826 261.556868396 69.1930695238 82.54761036240001 48.256469747
NGC4294 0 15.48816823 7.672317851500001 0.347390011968 11.1208158863 0.303003346859 22.3854524671 0.987351534683 48.9569376 1.06807187228 68.7925716734 2.31496343115 81.7556670644 1.81753626737 84.3476907491 4.33129845145 100.084992216 15.6767340565 70.8346278621 57.0385724252 93.0859120277 32.6629238775 54.0559763323 2.58499471905 30.5299129883 2.01222101394 116.460174333 8.343438732180001 231.306943062 17.787200808599998 52.0593654357 1.88928892054 37.0871955393 1.42214707473 64.61516986710001 12.481594619 115.973212847 22.7630997998 229.359090332 11.9090253531 4035.84415989 412.879419627 7391.527995259999 931.675611726 NaN NaN 6608.5057907 683.454777391 8344.52237094 771.832310222 4179.4302179900005 290.295271147 2053.34155237 176.021398813 849.3505452649999 78.83156225600001
IC0782 0 39.0770071 0.0669095728889 0.0743963375678 0.24075613363 0.0255889362483 2.50994378517 0.347608763732 10.2016602606 0.251914114198 19.2539880947 0.384369813683 27.6728757334 0.700927977565 31.2217910761 1.942941766 42.8081119445 3.96241936501 42.639566426600005 8.50872894367 43.3815646418 6.57449172321 27.0937942678 1.09041832847 15.4008186298 0.997411271272 2.25893705625 4.1849560100400005 9.747679323260002 11.1671930596 NaN NaN NaN NaN NaN NaN NaN NaN NaN NaN NaN NaN NaN NaN NaN NaN 185.774376826 224.175111874 -42.4052506439 161.376536273 20.1248512119 69.61612816739999 1.74830414627 63.4660299325 -6.00497514524 39.3801408809
IC0783 0 18.3 0.0835229252141 0.0178736332196999 0.30530462681 0.0411761622772 3.20437929427 0.5680653860460001 12.2489985256 0.510826760098 21.6833051729 0.713826862675 30.2841576005 1.01048077053 37.1889334394 3.29356484672 39.6226318177 5.99714755073 17.996399147600002 15.0982581878 24.0384435086 6.7634091328 18.999482687 1.01448321399 9.85522199002 1.0695948055 2.62376811226 2.36766480091 -2.8347358009400003 7.17090594816 NaN NaN 10.816966454 1.6611177030400002 NaN NaN 19.5399736981 3.1316370479 NaN NaN NaN NaN NaN NaN NaN NaN -66.9909902872 249.598219817 89.6022196762 225.153858846 218.366794232 99.3262146351 163.858962408 69.474587475 43.2964160006 47.691424417700006
NGC4299 0 19.76969657 9.15092755943 0.413885931028 11.3530453966 0.312532968874 18.6961249121 0.990243774749 37.1038700007 1.79517423617 49.3400802359 2.50994334941 56.2632278629 4.99050566852 61.6847171397 11.7904256944 100.047450201 29.2844932267 166.59313418300002 53.7792533264 113.778773372 42.2362354937 36.2366093758 2.20331695156 21.6328250722 2.80880190962 84.2946193683 8.39979349609 247.93793278 26.4317309409 37.419181577100005 2.71054013076 26.420644855400003 2.88733638197 38.9694544409 8.22602426631 68.7541701369 6.3329246834 NaN NaN NaN NaN NaN NaN NaN NaN 6977.06570536 877.174070451 5399.595287 933.297786574 2633.80452616 248.83026883 1131.80826025 165.070086181 428.900161792 86.12152918219999
NGC4300 0 37.42490442 0.456388484541 0.0436290415667 0.505716479896 0.0437716688589 5.60669492398 0.886819264215 24.6070300715 0.622995350822 48.1456570904 1.0663736659199998 71.00363135949999 2.3449296387 85.2665097169 2.79747513205 133.6167164 10.9727981741 147.252145743 33.7083544118 124.162848493 19.5500583549 60.1656699272 2.39460745083 33.1923068233 3.38833322578 19.6509653153 13.9662155861 15.5534028302 22.9309021 NaN NaN NaN NaN NaN NaN NaN NaN NaN NaN NaN NaN NaN NaN NaN NaN 1338.11267246 443.236991034 1519.8071829 403.434897725 855.673582305 114.834065966 457.46323152 81.6778316882 174.397371433 49.8717087764
NGC4305 0 41.68692736 0.0865409450391 0.138828304764 0.454078372236 0.0299357966892 5.86525722329 0.440522209274 24.2964473899 0.578661991614 44.5331254326 0.63918598367 61.0420919786 0.891301566681 67.45165216560001 1.98129501206 84.6826332383 4.96639176817 75.8710913271 25.7006079505 67.6187882005 9.54954349622 41.769651335 1.45089739519 20.7522205043 1.34582011253 6.34996744402 4.2705535904500005 5.78830460644 7.89498807386 NaN NaN 22.1182713478 0.93485690528 NaN NaN NaN NaN 3.79238453123 3.06781624821 33.520447638200004 87.30285292559999 NaN NaN NaN NaN 93.4854421308 169.944499151 57.402126392 210.633322303 110.722285719 75.40642432770001 85.316463207 65.3271442313 45.8730859392 38.239683250400006
NGC4307 0 23.33458226 0.293534955613 0.0423382822599 0.915519720762 0.0492260740596 7.71422579655 3.99939827649 42.3263248893 1.07222470085 86.91667182569999 1.28098223279 128.588822203 3.06658964338 160.514419375 7.55150315589 251.469928444 25.9629564673 288.457877317 53.7827018527 231.277633856 44.5096336055 126.626500513 4.25319551804 74.38283480620001 3.4207093213200004 113.924803868 7.401528727970001 153.773044918 23.0833455104 122.926256675 3.78585070039 80.6198047698 2.52967080435 NaN NaN NaN NaN NaN NaN NaN NaN NaN NaN 1553.43043397 378.871404082 4884.000717880001 709.2092516189999 7426.63337662 701.905762941 4564.70993934 285.43973371 2034.15417668 177.79143157899998 717.958874076 87.9325202768
PGC040045 0 9.289662481 0.14909498516 0.0172474929594 0.2955623279309999 0.0285058042007 0.7708183812130001 0.441347223151 2.7687652804600003 0.412215975684 3.67325947168 0.446220269136 4.06537659708 0.8614297155539999 3.90031864033 2.0291842916 1.97562623327 3.36956128839 12.7442407427 11.4794312093 4.114314735590001 6.16419230859 1.89941128916 0.750073017663 0.328508615057 0.8009490291660001 -2.72374530384 1.53648703159 -8.60761783442 6.20923620649 NaN NaN NaN NaN NaN NaN NaN NaN NaN NaN NaN NaN NaN NaN NaN NaN -121.662272865 172.947401161 68.0005702911 225.560486418 -69.57983336199999 86.4170123965 -31.8722975664 59.0621217104 -17.341605615800002 43.0018281543
UGC07436 0 15.55965317 0.0236478068757 0.0071884382682099 0.152125008625 0.00946783744477 1.72367337548 0.0915318605679 6.90552019566 0.135561379702 12.5051591349 0.186267624019 17.10888919 0.288815710435 19.8101598415 0.489434504128 24.2259021194 1.5052105810699998 28.683790407 3.46970066107 22.653202908 2.18162338536 9.11600699518 0.392825023847 5.028343187020001 0.316720907782 1.13047565593 0.6979059055110001 1.16523780119 2.38543187392 9.49986700682 0.3427446755709999 5.89302740263 0.30214570171 NaN NaN NaN NaN 1.8336467318 1.05292613388 NaN NaN NaN NaN NaN NaN -45.901064877 70.5508364375 NaN NaN -3.80477686435 29.7380335257 -13.7993995771 18.8650974187 -8.38007071492 13.4718643311
NGC4303A 0 13.57181868 5.15141870689 0.235307481295 6.09447668949 0.1748681694 9.70353123543 0.667027210892 19.1935860506 0.593254547671 24.4099384243 0.951973693518 27.488460442500003 2.18231816296 30.925208040900003 4.04230093399 20.3729582325 16.5735209861 34.2494121118 24.233564152 21.9831621443 23.5550063402 13.3040724636 1.71496247622 10.9934187914 3.5288957974 17.200957365500003 20.817570161600003 38.0770818629 23.7733237253 14.1868842088 1.728533132 10.1972784158 1.35745651878 NaN NaN NaN NaN NaN NaN NaN NaN NaN NaN 1093.94122984 849.214788931 1358.7682619799998 427.702498145 1040.65625597 1120.0589287 1143.26756816 149.229132369 681.552055961 105.56865955 320.114620256 67.20646950880001
NGC4312 0 10.0 0.3566281026689999 0.0784296204467 1.55158262635 0.0903176652671999 15.1173375295 2.79341757443 53.8183835376 2.0958026094 97.4799056312 3.73430346253 136.696886376 3.81780621491 158.767234576 13.0020025186 214.718212908 34.40795165350001 266.43275896700004 87.21293118759999 183.488871799 71.7257889997 112.78781295 3.60442980058 59.1485541539 4.388848158539999 187.871409508 13.1698749124 203.168419087 24.2823778477 109.082174362 3.43636024482 72.9701381142 2.4344544256 NaN NaN NaN NaN 220.50004379900005 11.2391478691 3072.09980247 315.276249875 NaN NaN NaN NaN 7175.208020720001 911.141479258 8046.47068945 1132.60076937 3944.37350304 327.555929348 1552.11400512 155.792278337 473.126844856 96.1455124125
NGC4313 0 12.24617038 0.351022209099 0.145257418266 1.41375824863 0.1031398589419999 21.9464836012 11.6843118082 61.0598658231 2.45724860694 115.986252208 3.41224178436 168.094484701 5.65305182764 206.347165775 11.9552658736 305.153117469 44.3299485406 389.821607944 97.5709999391 340.749438676 68.798722297 151.153908417 4.994624744489999 83.18009654869999 4.63764944682 131.754479245 26.2752834771 108.119204291 25.4324205206 143.06390861 4.535365575589999 92.8663975279 3.04618779779 NaN NaN NaN NaN NaN NaN NaN NaN NaN NaN 374.720188411 661.3805822410001 4960.402418600001 998.781918208 6185.8076431300005 719.458798294 4004.36702728 495.965352692 1702.38962379 282.352302694 536.92673688 118.016961481
NGC4316 0 26.4240834 0.6195922848200001 0.187328737913 1.0318780953100002 0.0615767297695 6.33263480085 1.33211322334 21.6439710269 0.782019444056 43.5216273586 0.93077724717 67.8062267919 1.93006227334 83.8415342329 3.85414248333 139.008713446 17.4461871083 157.67352220299998 63.128846937800006 144.807895042 30.745086388 77.2805305237 2.86442715754 43.812999833 2.5975916527700003 140.494093549 7.61265621393 169.409686416 20.5534569898 76.1161076977 2.45697236107 51.5503848384 1.66766738246 NaN NaN NaN NaN NaN NaN NaN NaN NaN NaN 3349.55305638 535.811178409 6079.69554614 741.873974165 8083.77086342 769.210857335 4786.36492224 307.577544735 2128.79541618 164.188061812 785.5909198810001 84.8985544705
IC3229 0 24.32204885 0.484208189757 0.0331949986122 0.7110975927959999 0.0310080964126 1.54000717505 0.2156758059969999 4.39617711306 0.27941298617 6.61853628866 0.361887011059 8.27523788199 0.776975226662 9.08455799295 1.2146492460999998 5.0233574462 4.568883109460001 7.09263518927 8.54654374574 23.9444981536 5.82206628914 4.65473003733 0.742853170283 2.35065212324 0.794926541356 5.51602915306 2.23471026755 10.4261448789 6.822310708 5.712403429 0.60071154949 3.86649691787 0.58262865001 NaN NaN NaN NaN NaN NaN NaN NaN NaN NaN -57.5775880179 281.992801778 578.238928961 180.811084826 372.608895502 543.674005184 277.761412492 65.27725113950001 180.665353527 65.41878382009999 100.031711097 31.4935514647
NGC4321 0 15.92209245 33.1968481836 1.5239586052799998 58.439771426700005 1.75289602302 237.023433999 15.285064351 586.345606128 30.9776039322 947.62709908 38.6456467301 1314.2788007499998 41.2067089512 1440.35747691 103.447491253 1932.55278478 98.8863457762 2409.54223947 333.272483788 1633.63157078 93.2600225811 1042.57281082 47.2154426534 619.32231774 44.608949918 2901.66901824 138.089711798 4030.69190132 245.342122876 NaN NaN NaN NaN NaN NaN NaN NaN NaN NaN NaN NaN NaN NaN 50597.5326184 11418.7644745 87711.8143561 12824.2134541 112802.634071 8941.641762590001 67726.85993240001 3866.17773387 29335.2073999 1775.69451099 10456.4389113 808.091923798
NGC4322 0 14.1 0.0273871099998 0.0198090708006 0.1797742686679999 0.0409395329711 1.3201819931599998 0.632494399765 5.19752926988 0.368973861466 9.41516834177 0.498287836049 13.0780256519 0.523750804163 15.8867391676 1.98478889936 15.7761702882 5.0473511378 -11.6751301524 17.908065562399997 4.9135565448 6.121212110879999 6.08031984867 0.692566740159 2.71087458188 0.8740348009319999 -4.2504880645 4.0724023676800005 -4.08161632241 7.374771228639999 6.50031178427 16.020073085 5.42751546546 0.8944374359880001 1.26570641767 19.9444714113 -1.26486288384 13.958645745299998 -1.8031211368 4.96031536415 NaN NaN 269.978020135 1548.14855667 490.773306047 368.771918702 -291.020113168 276.662328442 -126.652668593 413.889897325 -140.64229630399998 74.923856009 -95.0911969464 65.1057672838 -40.0945518003 52.3036809794
NGC4324 0 17.29816025 1.44308393138 0.0776036140578 1.89124075159 0.0906867112099999 13.028082324900002 1.16556428571 57.5637094457 1.1854897642300002 112.883286394 2.09979004811 162.966232126 4.9405791711900005 199.909943194 6.04774137483 295.00223767700004 24.8487214482 370.315062059 68.4621966905 305.866562434 40.7362417629 134.280783289 4.45865400321 67.91085187860001 3.64503383917 55.8075631573 16.8376276296 59.7695142929 25.1715103632 126.33542927899998 3.83833303174 81.0641030954 2.47350083013 NaN NaN NaN NaN NaN NaN NaN NaN NaN NaN 508.304583108 442.955003057 1747.60373208 555.405991698 3395.59004318 688.278834502 1834.99177513 155.445898258 951.249769081 125.589929053 377.643430499 63.3207665785
NGC4330 0 18.70683488 1.88415008615 0.0946318243717 2.93479500971 0.1128222032899999 10.1016544587 2.14965457329 30.024148789 0.763561548898 50.6614409344 1.59623466973 68.0601200955 2.56054353432 78.715516411 8.6839732057 95.583258153 44.4687358677 148.724073269 103.326236175 127.087270699 68.21493762189999 58.5953011399 2.65567289574 38.3433788919 3.48640309977 107.38150748 15.0165467054 116.348681082 35.9253310244 62.70000808700001 2.18208926457 43.0694003612 1.53074899933 3.60175667299 2.65143145829 160.163066356 7.0151739989 NaN NaN NaN NaN NaN NaN NaN NaN 3322.53139804 839.665973345 5626.68612549 810.627328343 3515.7317618700004 350.92003510300003 1740.36921363 179.26689897600002 691.236045612 96.458176867
NGC4339 0 16.29295632 0.995323641522 0.0570768611779 0.861104878712 0.147046657856 12.5612726538 5.66844009246 65.0416833967 2.01104216679 128.63146596 3.27299435823 190.785632206 12.377900852000002 228.707865315 15.0157301786 309.879534314 45.2305002389 323.452778003 91.8153054533 270.337769332 120.38822221 148.232484788 5.40049675484 79.9367825233 4.60118312892 32.203370379300004 31.1500948472 130.71157441199998 53.266951558 NaN NaN NaN NaN NaN NaN NaN NaN NaN NaN NaN NaN NaN NaN NaN NaN -559.670959984 820.5323705129999 -12.2006476803 517.84923273 -10.7822577727 168.912694545 -34.5172327729 113.060241126 -40.5667156351 83.4069981115
NGC4343 0 21.97859911 0.552948309809 0.0370339706958 1.07748248249 0.0612853315574999 8.24237895638 0.6718478466819999 31.9659109619 0.912076524355 63.341206741300006 1.10787514334 95.3498496902 2.0619926040700003 117.99756016 2.8913975507600003 174.39913328 9.07181082454 213.82154281 31.558512947000004 167.085767213 19.7795188032 95.5363226875 3.23132667904 54.0950667182 3.03303730543 120.74640193 7.16984228202 137.371883161 16.579423931700003 90.6934920043 2.97474232703 59.0108416498 2.00393427181 NaN NaN NaN NaN NaN NaN NaN NaN NaN NaN 2386.54172485 671.679004267 4947.50291839 513.938818076 6674.97280401 861.234265337 3747.35720154 234.42077275 1755.9148284199998 142.176677864 704.6409161590001 74.43494030960001
IC3258 0 12.82331405 3.74948620551 0.170914073525 4.65597348974 0.136439657621 6.700805034789999 0.619387354456 16.1252550392 0.422682797995 21.118466832 0.634408416102 23.621033801 0.9006259670169999 25.7679987754 3.69709196105 18.8674687429 7.91731762268 17.8726400117 16.6013247894 30.39322838 12.4077912663 12.4775217263 1.4410167777699998 9.02248653485 1.5413982175999998 18.2071170261 4.225206876520001 86.869647675 11.4130859086 13.6016911863 1.5017432733 9.95968137136 1.54207801276 NaN NaN NaN NaN 75.79558338509999 8.264777144610001 944.855574793 313.925544838 NaN NaN NaN NaN 1384.78718886 335.409506387 2228.38153529 390.930513449 867.863914559 148.39294807200002 486.408764859 99.8283847677 203.034554552 62.4318581463
IC3259 0 17.1395812 0.67906032199 0.034208421826 1.03712759731 0.0436241553518 3.51765981858 0.553530234234 11.3167050199 0.461417337525 19.4128683942 0.767623963798 25.8263707777 1.15267432198 30.9561850022 2.18187929254 38.6177464297 8.07102353345 42.8550537972 20.3034754512 48.7549080143 14.3017610077 17.4948410422 1.22484726947 9.60296690089 1.56711501553 24.4446466225 4.12445127083 27.6677199102 11.7182625061 17.7854835049 0.942093434764 11.4903051433 0.832602880694 NaN NaN NaN NaN 7.11054089122 16.6253624804 214.005609321 110.566494855 NaN NaN NaN NaN 565.183675467 191.609547505 1559.03285902 232.255204618 1041.72499498 120.64210992 539.762455686 85.7976401368 211.451776159 46.9482097798
NGC4341 0 13.68104861 0.0896790371693 0.0168402111369 0.371809450101 0.0371041673281999 4.13682244156 0.653830010766 12.7461855114 0.8002096402250001 23.0824075258 1.49819715771 31.2415028852 1.5743599621500002 35.6253780985 2.71516813867 52.4131354916 8.31200966999 73.1013449925 23.1276580138 54.1758810126 16.4719094249 19.4476643419 1.7197318598 11.2997426987 1.34852872515 12.1318064496 4.72024256655 5.72051652141 14.2870502195 NaN NaN 13.6681540235 4.69368765711 NaN NaN NaN NaN NaN NaN NaN NaN NaN NaN NaN NaN 185.484438687 259.695368672 317.442803318 213.344543273 213.220594959 88.3130790698 124.700546505 85.225592979 47.3132060769 40.929541122
NGC4351 0 12.47382703 2.6873040770100003 0.125880833817 4.05163852323 0.117208597735 11.4480941032 0.5064929111359999 31.9139648692 0.5338770798910001 47.0802116634 0.742335387298 58.453141134 1.2570132331 61.0125958295 2.5589506011900003 83.0916672449 6.92481009458 159.743209037 24.0767067542 78.34404840170001 10.3805527349 34.913463547300005 1.65714079369 20.1131015067 1.73742700084 52.1483804491 8.96905190727 56.1918033948 14.2776943393 39.3203881322 1.87935681004 23.9904798491 1.22263895629 42.7808855161 8.69279400878 34.126391822 5.99407980008 60.5464182788 6.571176467030001 805.68696841 108.312219417 NaN NaN 293.201275956 615.9507752320001 2591.78292854 491.598098967 1938.34620401 1036.64205215 1545.25892446 154.48804720500002 747.586401552 83.0933125548 291.594572956 61.8772563267
NGC4352 0 18.45014544 0.0681459671750999 0.0194800570031 0.418714999737 0.033869445222 7.1065208698 0.592641067853 23.7810855774 0.442220690312 44.7680620402 0.769288093435 63.2286380305 1.13785610418 73.3750693299 2.09238886193 90.4340691001 11.0074613059 83.2883308935 32.9091734433 79.1216693204 20.0938400271 41.7241930566 1.53787899795 21.098868802 1.83306671352 6.65299106038 3.66509765047 50.0690395248 13.9367582314 NaN NaN 26.1180433473 0.955170165155 NaN NaN 5.76564769087 1.47060832543 -1.91500919253 7.30960340366 NaN NaN NaN NaN NaN NaN -256.867699296 417.861302364 -554.116419757 345.412195096 4.113466885529999 87.389282155 22.8280784041 65.2341929417 13.5169448485 55.5177741659
IC3267 0 37.32501807 0.73700313896 0.0348755992737 1.1958569624000002 0.0404945539214 4.4292842564 0.3497132423469999 12.8341967073 0.298686123264 21.2104530686 0.51090244444 29.005708177 0.821017839935 31.0300507129 1.67407909735 41.753163446600006 4.48269315219 50.9682655761 11.4729765968 31.9003950798 6.22826682115 18.5218626397 0.93327759411 10.217194543600002 1.00538780868 26.3166057832 2.8929612542300003 18.1343576169 8.277325945540001 17.4206255349 0.7836265561269999 11.4822493296 0.75456384397 NaN NaN NaN NaN NaN NaN NaN NaN NaN NaN NaN NaN 833.395160771 187.48607307 1174.93115786 185.66113183 805.568408516 90.3704552374 388.767124853 59.7733565122 149.840353249 34.0658010513
IC3268 0 34.35581471 2.80692011319 0.153406012426 4.067145235340001 0.114523970633 8.221991472980001 0.285979319606 17.4333300646 0.359754258432 24.8702912606 0.406636393669 31.1045463765 0.885252299544 29.7737639804 1.59592950829 27.2582567347 5.17663732159 23.0115577182 9.46231093468 19.5020049403 8.98471706859 NaN NaN NaN NaN 28.8484702183 5.36285638018 42.6768220421 11.8013446843 16.7583733837 0.858356827746 12.0195622139 0.910238684499 NaN NaN NaN NaN NaN NaN NaN NaN NaN NaN 1146.73592315 380.985017403 1872.79710728 217.949851594 1701.4095572800002 322.099599502 948.268865842 109.019475445 528.3885062180001 76.8572014743 227.552340198 46.9538410834
NGC4359 0 19.86094272 2.36552432042 0.203416355927 3.141948852 0.101498468913 8.937679492380001 0.733040201802 23.9428650388 0.7069045258209999 36.8120507153 0.818737439224 45.6080151643 2.24500817975 52.2513018685 4.855444314540001 61.6732852021 16.0099746705 84.78108997599999 105.445895114 75.4767216777 43.830624903 30.116461448600003 1.50513663069 17.1534375996 1.83395388987 36.9083388155 3.0273107498100003 44.6387232474 10.9325573304 29.3222611541 1.02682440964 NaN NaN NaN NaN NaN NaN NaN NaN NaN NaN NaN NaN NaN NaN 2195.03646835 518.353364258 3343.3771063500003 705.41266358 2036.1794451900005 163.89691012900002 1318.5114215 149.752162744 669.204985163 91.2615527832
NGC4356 0 15.92209245 0.2045691967249999 0.0349474632941999 1.49011872325 0.0733463633896 8.65614176333 2.02448405689 25.4637634497 1.71763882114 49.007959611 2.0906924743000004 70.7309941785 2.62996762163 82.4523808705 7.345846568 145.619114943 38.4716345562 153.021118584 82.1035243992 140.11874286199998 66.5299315967 61.8599788719 2.89253101952 35.1002006386 3.73422149605 52.7022421894 5.99603697253 87.8357267741 38.5822068546 NaN NaN NaN NaN NaN NaN NaN NaN NaN NaN NaN NaN NaN NaN NaN NaN 1744.44832489 787.790537635 3119.22686301 613.5777496469999 1629.74481478 208.409376285 774.2091293799999 152.052460351 278.175623738 80.5137933077
NGC4370 0 31.7 0.161268189529 0.0508004808682 0.394762246807 0.0689786578849 5.94196017042 1.45180314951 24.269045541 1.73086183937 49.8242330281 3.78509532995 73.0955329491 10.5640453903 100.124164633 11.9890566377 147.443868982 35.839956646800005 157.400979749 60.3672427819 164.185809952 49.006280039 72.7998850551 3.78590507562 40.7945025741 4.03047602032 61.098806719600006 14.0497825361 66.524274714 36.0556568014 NaN NaN NaN NaN NaN NaN NaN NaN 63.5172629982 6.42553356242 NaN NaN NaN NaN 2072.77843764 959.711508977 3099.69961143 469.056193973 4098.792321610001 1216.44661582 2009.27045833 179.07527626799998 759.1426266770001 141.76911246900002 194.189654293 80.1986711318
NGC4371 0 16.74942788 0.404154007875 0.0557308749886 1.56522537467 0.0786543921681 28.4598435818 0.565926775375 129.670470191 1.25217569143 258.100616434 2.32173209223 385.720624358 3.48792295927 491.356676323 6.13931733737 736.830829326 16.806850547299998 804.428315788 25.4344015955 653.07281118 21.4654429185 312.655995738 9.48954582781 165.56834915599998 6.49731260996 67.0533742647 9.68841867325 38.500059266600005 20.6033000179 297.718857299 9.20119621924 187.084486862 6.01870409228 NaN NaN NaN NaN NaN NaN -139.409554561 13.9409554561 NaN NaN NaN NaN NaN NaN 1864.37979607 744.4403886299999 344.163860943 431.993883148 88.7743127416 354.507067046 -98.0017590686 180.669704747
IC3305 0 39.28181322 0.0320062410272 0.0158161613516999 NaN NaN 2.25057895113 0.302530297169 5.76610623447 0.480299981848 9.89632600064 0.907605628773 16.550801714 1.91345709283 12.9443153282 2.2724512368700003 25.5653454681 5.36709480063 19.0574762313 11.233831206 11.4199523669 8.38032966775 NaN NaN NaN NaN 2.78705070625 1.70706755002 0.213133088836 5.66174650956 7.84643383125 0.747960071509 5.783962110979999 0.904683541029 NaN NaN 17.6701857115 6.663428762040001 NaN NaN NaN NaN NaN NaN NaN NaN -84.37527586050001 206.560878669 -239.243152084 204.648869417 12.8023356797 86.1497622891 16.7045785481 69.3428418446 -30.0011233309 41.2505981752
NGC4379 0 15.70363163 0.194418154965 0.0205873198536 0.682363322363 0.0471008365854 9.9140723368 0.747316573304 51.033164752400005 0.6688519241709999 100.676473895 1.10309293484 146.780087929 1.54538638997 176.271357387 3.52100187166 248.320147783 9.35145021327 290.04419640000003 32.3144852537 226.564568236 12.217802415 109.038866194 3.40289978206 56.7446085063 2.45584108412 20.607312979 3.5187656350900003 7.83233310112 10.3317148261 NaN NaN 64.564065967 8.48906739697 NaN NaN NaN NaN 21.7329259083 11.5410165463 NaN NaN NaN NaN NaN NaN -1059.87890928 1505.62435542 -383.98485851 1466.35310067 43.6495270335 140.138742594 38.5805763611 92.2636778367 -5.44532966258 59.3895073077
NGC4376 0 22.18194978 2.78734872488 0.12708191202 3.33356333429 0.104877708052 7.05170883162 0.65607427113 15.79409256 0.4170781119539999 22.3174500683 0.361295508099 27.00848069 0.822331064478 29.456588345 2.2801891781 36.1794773759 9.14290041502 52.826997808 16.4302502768 29.7946373597 9.15615576024 18.1290939507 1.16976248534 10.2289039585 1.77558145022 31.1580788156 7.74810547825 43.6679651242 11.5915533295 16.4000211983 1.06285004329 11.1007938506 0.7661231871499999 NaN NaN NaN NaN 48.8328091236 3.75547998454 817.6921313839999 168.674831621 2313.98516975 368.108869189 NaN NaN 2273.32658511 306.731005754 2166.8089021 287.52871493799995 1112.11534041 103.646314153 567.961494375 77.0588023918 224.711933499 46.2518348998
NGC4378 0 48.52883552 2.73863100238 0.1313171357209999 2.6773135832 0.10963166701 12.244281246000002 2.06897011606 66.2686711231 2.63881647155 133.733232544 4.12287248405 190.636950755 5.1028271184300005 211.85877919 12.3830372682 317.242850707 27.1601671956 427.442456803 76.07855337619999 341.088548378 50.498297613400005 165.261516269 6.59540082915 83.5965293232 5.95052725828 176.95386443200002 34.7228042942 113.910656831 22.1774557685 NaN NaN 89.227024337 4.44815731778 NaN NaN 98.4818609371 6.11576437655 NaN NaN NaN NaN NaN NaN 526.7885068740001 1580.41221337 3013.09498418 945.960197132 3260.38339796 4657.595694160001 3028.8448571900003 283.969377593 1389.33325789 154.634231314 473.056925195 100.762013901
NGC4380 0 20.1372379 2.12871440915 0.126663169199 3.80909839137 0.124326606722 18.0100062402 1.96488823335 67.5435759857 1.4291834743499998 125.50723906 2.62664973757 178.31058498800002 5.42704222594 216.695056426 8.471559837280001 317.654994729 31.0739384007 370.345738148 89.2589757209 403.018891132 56.645786162 143.648369104 4.65950125149 75.2442892806 4.1589566097 138.288831851 10.6532530757 123.892966087 26.609912866 139.546064004 4.57829876979 88.3828208667 2.9291570084800003 102.282897498 6.131525670409999 145.544611977 5.971911441840001 138.760222112 29.6488645678 1240.66578049 157.318899095 6983.04440854 842.963983113 NaN NaN 4123.32724123 744.978798322 6593.317178689999 731.893782799 4772.66651091 341.384332523 2121.88204336 216.517747178 754.102949885 105.000017352
IC3311 0 19.67884803 0.412511027308 0.0280960544965 0.709328237553 0.0355123715278 2.52198291484 0.2963773773129999 7.416316034569999 0.338143546308 12.4878148496 0.397215796087 16.752781316500002 0.961848625573 19.001469459200003 1.6352419045 28.0570254069 5.90396536855 72.8391240652 21.8475085883 28.786638227700003 10.8727310247 11.7610989663 1.05521922972 6.29196680444 1.63619376332 10.6608548225 2.96684652943 20.4038473287 6.94201489454 11.5691946735 1.1975896554199998 8.17881122598 0.842943815742 NaN NaN NaN NaN 12.6133560293 5.14499027358 NaN NaN NaN NaN NaN NaN 300.10416555800003 322.531402162 1293.48637149 284.131783058 681.276387105 114.240777045 438.677659193 79.3478561049 199.216119651 50.2778573367
NGC4387 0 17.7827941 0.0970591181952 0.0221913367241 0.4322630599099999 0.0364048449967 7.6080687058 0.707891506314 34.7186399999 1.29074942336 68.1892833589 2.46262733415 99.1057791661 3.76003853786 121.401475083 2.7582838751 173.884736393 6.16420151971 205.810021756 15.4713154202 163.411126233 8.50522904387 75.6786160514 2.72300306753 40.0426915985 1.90653790144 9.37880289397 3.51481507299 10.2232829785 6.08990045284 71.82992200710001 2.37054056217 45.0397441147 1.58414852586 31.1118706815 7.981597412219999 18.9074094733 7.14192076862 8.57320599642 5.12734592442 NaN NaN NaN NaN NaN NaN 19.5084585945 200.483694473 102.958942588 199.47814075 -15.8185103858 83.41586715759999 -53.5508317045 60.5249759638 -22.5552041884 35.444899818
NGC4388 0 17.37801821 3.92518024179 0.178664910135 7.59918272322 0.208992395936 29.380586535 0.685941219415 115.103179754 1.1343770721900002 197.743321487 1.8257197144 268.112963647 3.01281210464 308.880073207 4.1998602078 526.4771585880001 11.6300307523 476.975422876 21.2807963802 459.652786865 12.4859069116 269.173299702 8.2030729554 206.327333961 7.42195381816 790.221964711 36.8105636198 2575.5138027300004 150.238776731 269.198430767 8.21101657078 222.448742758 6.76068128384 335.255707201 15.3283268513 NaN NaN 2598.61232672 130.023026775 11667.1336311 1180.7573252000002 17553.2584639 2119.45451361 13570.8706405 1397.30208168 21838.8492013 1579.19014627 20719.854381 2071.29469763 9123.69665613 576.957026609 3890.40157473 308.90432330399994 1465.26442568 133.250780507
NGC4390 0 26.18184342 3.29480501746 0.15541333838 4.21427349976 0.118847210146 9.51805108642 0.559609823498 24.4160419398 0.388271073863 35.0124094315 0.565472854679 43.2380355096 1.05271580815 45.8902666068 1.95277901313 56.8159863469 7.47756330008 63.5494311986 22.1029734916 52.7706771708 14.7396007293 25.7007941106 1.23071714378 14.3202663993 1.18778545959 52.746783217300006 4.00961534545 67.0691801337 13.1381189893 26.1096803844 1.45640481869 17.4623790745 1.08929433272 NaN NaN NaN NaN 79.8326441703 5.10701128471 1011.52530909 110.327024225 NaN NaN NaN NaN 2651.66355277 333.340140786 3203.10355652 321.231894037 1905.24318788 144.878260341 1020.20764211 90.3590098959 449.124507724 52.8671039553
IC3322 0 19.86094272 0.5781650393509999 0.0443052232112999 1.00904574276 0.0553939152524 4.80067930396 0.6952716803650001 13.4476641192 0.483553183792 22.4492791752 0.8398790167429999 30.1649929898 1.42195440848 32.277795795299994 2.9041465267 44.0152520797 10.0915336898 73.437801217 29.2036003329 58.5082555133 19.0615878007 24.9447160422 1.78689815573 16.2431162182 2.14503993864 54.2137596174 6.68939332636 45.6824537321 20.5823749369 24.7058349614 0.906816548303 16.9872186861 1.19107366634 NaN NaN NaN NaN 66.7311663821 5.51962764317 1108.94182572 134.8780443 NaN NaN NaN NaN 2787.83116969 441.810136001 2977.3113234 456.225696582 1979.56459098 144.799700048 1020.12766376 110.236821296 431.148445802 57.845087609100005
UGC07522 0 35.48135451 0.5734600566439999 0.04719821314 0.523265263723 0.0468870553644 3.1339639909200003 0.553889698373 11.1854006141 0.440636852948 21.8033088134 0.8426395989440001 32.9194677554 0.696795572966 38.9947197989 2.4057725798700003 58.0884137618 11.2412879011 39.1969633477 28.6259528575 61.7381342119 16.5066303589 44.9780255885 3.76039283607 28.1502780365 2.71237768645 53.7772364715 9.03981773381 74.81020374069999 17.3802499133 44.9235761526 1.78338038774 30.5707707972 1.2816186106 NaN NaN NaN NaN NaN NaN NaN NaN NaN NaN NaN NaN 3130.30889642 589.5877308400001 3527.42707193 555.132607357 2573.11779388 180.489691993 1397.97212249 117.566436011 637.8723270720001 64.8350766674
NGC4396 0 15.84892496 4.07724277297 0.189652794627 5.64786185152 0.16895195145 13.1074109977 3.94161343391 33.8474939466 3.7683156441 50.9581877826 3.4537100024600003 61.0133711588 2.02878366015 55.3983332996 13.9496596406 51.169537067 37.8311267735 65.68784719039999 62.2895327922 44.4398498112 36.0873670558 42.3145901588 2.85004964611 25.5219362322 3.03914785546 90.4724231279 6.64746270706 127.669564935 19.0092799804 43.7622001725 1.71611495109 29.3470801418 1.1217797738900002 46.702199946 2.16193790974 46.232878969800005 7.61731365404 NaN NaN NaN NaN NaN NaN NaN NaN 2517.34429138 471.818285773 5358.6465793200005 575.547583262 3644.41769947 300.500890106 2099.21874663 190.31122154 943.018096304 121.544570811
IC3331 0 13.87220098 0.120301771601 0.0194794190608999 0.289811969508 0.0232899353939 1.3488036263699998 0.192205618585 5.24040858839 0.267881148901 8.31825948551 0.391136078822 10.9681861097 0.888404521471 9.81673757737 1.40765331178 18.0745285526 4.68858550356 25.6881773226 11.0701750448 17.498971444099997 6.45541931188 4.67603187327 0.6937136396 1.30696999897 0.8110662244510001 -1.95337433913 1.75641660703 -4.82970246694 4.76674029583 NaN NaN 3.87873505292 1.46383618893 NaN NaN NaN NaN 3.1985817290600003 3.63844825895 NaN NaN NaN NaN NaN NaN 18.5650322655 224.188458382 174.64448576700002 173.915226867 -40.9821878512 81.0771286371 -74.0018144573 53.3680395979 -40.9335432679 26.7202647406
NGC4402 0 12.41651915 1.0314806720799998 0.103351238656 2.40859570198 0.7363342861440001 16.2563773481 4.649492685629999 54.5311738777 27.2870725917 105.764427071 22.4436322672 154.454381996 38.8192539399 188.380099844 83.3671424063 208.512154066 146.490479264 361.633229695 18.2178924867 300.866753512 112.786324013 178.391520179 33.4503651245 111.904677404 6.87758110526 525.400186039 25.0516953881 678.768192033 41.1802576784 182.47072174 5.8824939625 125.739104301 3.98612235225 168.11933021299998 19.2000712157 635.0326813419999 20.648826732 671.27009548 34.0359649844 8610.57921892 946.262328065 24089.0836127 2921.53199984 8954.919335390001 999.039600247 21024.7921703 1505.2027315300002 26723.3647686 2029.85477806 14517.6065115 864.492370206 6111.17528741 384.725765236 2107.80437687 171.64750617
PGC040659 0 13.91316221 3.04839824407 0.28470852447 11.6609116159 0.674752348434 262.365038166 4.84785993509 825.515452095 8.626228759570001 1561.80801216 19.4719938081 2447.78220087 33.6010862044 2863.25131757 39.8596063027 4269.02246655 84.1459664268 5494.022960849999 206.079115486 4865.92336782 125.423413218 1876.27610092 58.1139467716 951.094171428 39.948045885 298.729814577 49.8711192509 238.971213151 146.60972687900002 NaN NaN NaN NaN NaN NaN NaN NaN NaN NaN NaN NaN NaN NaN NaN NaN 1044.70034399 2283.04565547 1038.24319437 2310.24750725 1765.12311171 1363.8565757600002 716.9882637019999 872.1667083890001 18.3705575408 443.538073201
NGC4411A 0 16.8 2.45870358083 0.115518794457 3.63813561392 0.125499413304 7.57128682544 0.940548522567 19.2982902591 1.28212076946 28.9257104175 1.3906181692 36.0408622235 2.29472782251 42.2261707423 3.61990825355 41.2983466546 22.4054661516 63.9751179921 62.312233712 28.2076073441 38.1406262306 28.6447649367 2.55834452818 3.17649119608 3.42473170831 30.2740967473 4.45058857675 56.88065927 14.2545809418 20.7240980151 3.22675800466 14.355787478 1.78670697277 NaN NaN NaN NaN 31.2858492398 10.0592203104 475.985733902 -47.5985733902 NaN NaN NaN NaN 1141.3705922099998 441.020413306 2451.5991697900004 456.478915335 1150.99692913 153.226601727 632.260303099 139.53088016 284.836201775 88.92536842850001
NGC4413 0 15.06606974 1.93517808514 0.0945547302336 3.3492085993200003 0.106735220068 12.2055943174 1.39731515451 40.1960218521 0.907084158618 68.00373593639999 1.5938839984400002 92.7133985076 3.46594350254 107.444119086 4.4615900766 138.123392795 9.31908457968 120.02098846 24.9263222005 113.60035602 14.4419968484 61.7848215618 2.83430540543 34.8524547571 2.95867889477 101.427019095 7.412223488039999 129.089665479 14.9388968833 49.7795164799 2.54707879286 33.3283336316 1.76145990141 46.3837068677 8.66051946089 102.757199379 6.17689838036 148.120994229 8.34924728779 1456.56750031 155.87210306499998 NaN NaN NaN NaN 3262.44770848 467.030873373 4457.92858949 567.002722443 2684.86463626 202.903751884 1232.20811063 129.49004621400002 474.356853191 65.19242360589999
NGC4412 0 35.6 3.38059258746 0.154341906274 4.50157714021 0.1246937889049999 11.3521730594 0.414013987126 31.5529000343 0.400749958881 51.138130466 0.624947362179 64.5112893073 0.883765048371 72.9722035352 1.97600431764 104.623810532 7.14712173262 102.054452761 21.7498694751 88.6841996908 11.8054937378 50.711150499 2.24745953265 26.791809712 1.57484484752 169.47577811699998 9.54906343729 416.780242453 29.7277579577 50.5806566265 1.88480297201 33.4266270704 1.21043884965 65.26797934759999 2.44479015553 173.531464631 5.75444555105 410.733789518 20.719652424 NaN NaN NaN NaN 4029.33927451 551.4244119379999 6757.3833745 788.6646760369999 6699.10708261 852.5533757759999 2894.46256682 189.10812056 1150.84178587 94.0722955675 376.626959616 48.4361398244
NGC4415 0 16.0 0.0822901933917999 0.0248499032386 0.397852946686 0.039902300374 4.42234496277 0.875272504744 20.2879914216 0.450406493785 37.3460739479 0.677258375691 51.74659733 1.06696401307 56.3096121789 2.46702323141 77.16282379340001 16.5734771176 51.04619751 55.948782066300005 54.4491550278 27.966813140000003 32.8621747824 1.45084519933 16.5017525614 2.79166603281 10.3621363306 7.69889081085 9.19890750612 14.0575442244 NaN NaN 15.9726712268 18.3927524552 NaN NaN NaN NaN 5.9540182162 11.8816221509 NaN NaN NaN NaN NaN NaN -137.428757688 318.375246848 280.45285704900004 344.149562167 -116.186227939 101.382952979 -79.1235479427 85.2313074253 -31.9585108538 47.9683229968
NGC4416 0 39.81070831 2.66784587955 0.122378905672 3.99865741433 0.1156169194989999 15.9263908996 1.5561544558799998 26.6548327518 1.10756348581 41.0052253496 1.81507231227 59.763406266 3.68076715011 47.7291172975 6.68861023149 23.3323578726 17.6960352239 9.00375657184 78.5560826635 17.4213814169 28.9870414643 42.2601782316 2.1893082868 21.2896230673 2.66423177885 94.5663529484 11.4638830991 120.165274905 18.0219295221 36.5780659032 2.41503594551 23.797238646 1.93426944832 NaN NaN NaN NaN 116.568429069 8.8418622581 1616.42677318 239.397442354 NaN NaN 1144.26990488 689.065299463 3098.1297032 401.466995448 4647.7213399600005 964.41790949 2593.21098604 197.161867492 1171.34315767 120.934516698 396.442635427 53.3279820591
NGC4417 0 15.84892496 0.3691014375399999 0.0630458263293 1.2720031118 0.1564493807559999 22.2846757732 1.7555214257799998 90.9201781558 2.0020331469 179.49996362000002 4.57608987759 257.99429106900004 4.65704311465 312.09175463 7.61531924689 468.928706019 48.1701698558 641.572995093 199.586787508 454.2771659440001 95.5101391661 197.056321048 6.5479776718 103.016444137 5.54494632644 34.4192287326 12.4731937367 -4.56962880435 18.184550972 NaN NaN NaN NaN NaN NaN NaN NaN NaN NaN NaN NaN NaN NaN NaN NaN 310.760061784 689.035627386 534.9650930079999 512.321852945 138.280413693 157.925827792 0.636172375947 146.04842531699998 -13.7513800869 110.017092843
IC3355 0 0.655379574 0.943629354626 0.0447381262802 1.198617409 0.039336658174 1.26706782187 0.176665865751 3.69443595052 0.274010094321 4.59236236588 0.369676188302 5.09132390658 0.876965513351 5.06630675469 1.2164888308 13.6382698328 5.41775742257 12.6572728016 5.95979265679 6.02456947922 5.75820653215 3.36277036318 0.782755389509 1.54098402291 0.694727863833 -0.566169040523 2.23628574528 3.35540432772 6.35928782771 3.63886820889 0.737424546184 2.96074369765 0.624989766968 NaN NaN NaN NaN 6.79818190809 4.48332469508 NaN NaN NaN NaN NaN NaN 224.540970719 100.184394427 -117.481514032 118.778754871 86.7520137341 53.3287813976 50.493517147800006 50.9751017809 18.158963658300003 20.8154668006
IC3358 0 13.85854724 0.0985595183848 0.0143661450585 0.415250638619 0.0261708477694 3.0767885766 0.3278388876679999 9.75103613457 0.257868404633 16.2803523021 0.444476540691 21.0479241523 0.878845072959 23.1704397738 1.78159696297 48.6499237172 6.49930422358 143.748346116 36.6119644592 58.9997085317 14.9743593652 14.2152137644 0.797189803691 6.06413481523 1.01621830293 4.28468789555 2.45207564285 -1.0594248321900002 7.10650684252 11.7532759794 1.21051258081 7.18497583479 0.945101770666 NaN NaN 4.49007660489 0.649659040544 9.16410073567 5.02417475686 NaN NaN NaN NaN NaN NaN 582.918269532 245.023756572 429.160829463 209.265563529 63.8591572123 97.75615551 -13.6181115928 70.78819005689999 -28.6221265475 34.6111337398
PGC040759 0 13.81758602 0.245247813442 0.0281646487583 0.144850776463 0.0350005154450999 1.19958298214 0.326758261277 3.87019940327 0.334764017506 7.019562458109999 0.484408627332 9.71019302533 0.492736787737 12.992292911 1.56524221297 12.9804484578 7.256348790190001 34.0438167087 31.006999803 11.8537595324 13.9321278258 6.34114780929 0.627429909201 2.98440495552 1.03613981581 2.17727819058 2.0244763496 -9.13306452243 10.61193083 NaN NaN 4.38641859083 0.745622083762 NaN NaN NaN NaN 0.0417522930264 4.71987267586 NaN NaN NaN NaN NaN NaN -113.751043746 151.678429545 -77.8193917112 190.413067732 26.7868540022 91.6093870505 2.18755997258 65.3333109787 2.9786607327500003 29.1493535797
NGC4419 0 17.37801821 0.5835032312 0.0374565340875 2.03756909036 0.0799001766818 21.129837286 1.2844528761399998 87.47571677410001 0.99831959161 174.29030796799998 2.12963293916 259.960892197 3.31243599902 328.20505426 9.84149122917 508.756640257 15.5675622034 618.050501725 38.4964369852 562.834785974 29.205798956 264.88722216400004 7.82793192065 156.243517232 5.709762856029999 487.037220283 23.188154425 1260.63445651 72.18009014340001 261.54418169400003 8.06752491342 172.11773743799998 5.44522544758 211.75099427 9.63788058839 396.629158495 12.0322728949 NaN NaN NaN NaN NaN NaN NaN NaN 16904.3869973 1830.17262491 16880.6537272 1641.00714785 8379.77776924 534.3276098450001 3323.53304093 250.85173792600003 1126.31432495 108.484599027
NGC4409 0 15.20548091 4.95730458957 0.2687565510999999 7.24608171223 0.198875097445 16.1537844841 0.566025326964 39.1545492972 0.578117771041 58.5089147746 0.953832292294 71.4183532574 1.48600917256 80.9181334938 3.20020788459 109.850053847 8.30245994151 124.123409081 24.6975278899 93.4557983982 14.3251513171 55.5171729854 2.8948110207 34.7177114986 2.39138660384 166.817720324 8.589952501640001 212.013336785 15.4591518902 58.2673956464 1.87897634387 39.5908790468 1.54478456864 87.4184484767 3.41034037567 230.968924219 7.048860368310001 255.175355818 13.402676893 NaN NaN NaN NaN NaN NaN 7183.976106550001 709.737105577 8781.475924440001 854.128361667 4347.59039296 248.360603601 1888.70232863 117.817745334 712.926094563 53.856389769900005
NGC4423 0 19.67884803 2.01999194079 0.0942080690044999 2.51913963808 0.0767946831718 6.95649517058 1.00334735779 14.09480702 0.5647269326750001 20.43195378 0.838974785532 25.343856026700003 1.41845534885 30.712715362 2.99699561631 34.3070357638 10.0601912532 23.2649807076 27.2190037065 13.008405959 15.0923137628 17.925859710700003 1.42853032751 7.78053126977 2.94513204915 23.9877700569 12.3788931703 44.1008302192 16.3472254553 16.155826186800002 0.718845436134 11.2557089146 0.665526722146 NaN NaN NaN NaN NaN NaN NaN NaN NaN NaN 523.634864532 413.597331728 358.13480373 449.432779974 1592.34858201 489.979332495 1236.4119167600002 113.625731476 750.752927852 98.2640725306 400.103899674 53.2274984902
NGC4424 0 4.149540718 1.3316281424999998 0.082329059882 3.29029904344 0.183672367666 19.6532334796 3.66240638322 69.0253131148 2.7585948883 116.015053958 4.00783119971 154.505980617 5.25593350214 174.33375718800002 8.24057547072 196.574878662 56.0903277873 -2.87820869925 190.56260253 111.999317104 91.1164237033 105.709117949 4.19962942595 63.4995768622 4.80829181711 138.25902276099998 15.4558800543 288.302737074 40.8594508964 105.942766619 4.23245019277 70.48512353369999 2.3959635936100003 97.5297531892 7.976421217339999 164.120129996 5.3509996213 334.845004856 17.744807921 3713.93069818 388.299894486 NaN NaN 4648.191708009999 1327.22667347 6889.2919362 1021.80468864 5389.99639793 815.767888902 2598.86575278 235.09293688 936.735064905 176.11301543800002 223.977219872 102.490250686
NGC4425 0 16.8 0.0845687668593 0.0286248967726 0.642910851408 0.0552407641563 10.9674958632 1.2132439252099998 45.2120523561 1.1668917817100002 85.37977733880001 2.79306889629 122.153961221 3.2205624418400003 147.647556732 5.88954272205 194.653664448 15.382634393499998 203.168530209 32.4308135753 178.552586765 22.525775021300003 86.4444974755 3.37378466716 46.7511577002 2.8048305568000003 10.0883039129 5.4321805456900005 -12.2162783704 11.3898236965 82.2737827812 2.68582522152 51.9328999254 1.74327663271 39.1580062919 9.78935347612 17.460254692899998 2.96173957601 -2.87845967041 6.85192000958 NaN NaN NaN NaN NaN NaN -550.277388266 508.690277252 -116.12425972 475.521343739 -114.10130212 159.124920749 -95.067189326 81.196179435 -44.3506538505 53.0266942309
IC3371 0 31.47749365 1.09451140785 0.0571506064917 1.19544760989 0.0615948184837 3.15555063731 1.09452954297 4.00910329611 0.549094368101 6.19949692626 0.733350823916 7.849460671759999 1.03891625961 6.11760224165 2.69906912331 23.4753462066 27.6402572598 99.4582589739 133.492322162 38.0688562551 54.8513281323 10.5012548485 1.22827885159 5.54220808984 1.19972598398 6.46626986484 2.7869367489 16.0213868853 11.5684599926 5.29163162396 0.902190619697 3.0249417429100003 1.23584835222 NaN NaN NaN NaN 8.46300519779 5.8394021266400005 NaN NaN NaN NaN NaN NaN 257.511925534 289.245860585 125.510278895 253.77980176800003 190.825785008 120.119127431 135.25348797200002 77.4328684323 42.9251983619 50.3644701089
NGC4430 0 35.64507796 3.66391232421 0.168319772825 4.86229246971 0.140324582383 12.4869851188 1.1634478577 42.8584638119 0.697599318154 74.6305241866 1.1937479714 91.8078731552 2.44999496204 99.4251156653 2.84009984304 131.316010987 15.8658876134 99.3719231282 80.0110859532 113.223108187 40.3350036101 64.7923298458 2.9388844373 30.4321848101 5.26925645243 158.79665996600002 23.0459609719 151.10492908 18.034985314 63.3149239839 2.70555085119 41.0983941963 2.65644424965 NaN NaN NaN NaN NaN NaN NaN NaN NaN NaN NaN NaN 6160.50967283 1094.57921585 6660.43997425 1266.36364761 4023.26727936 246.253675786 1821.57921823 162.38712686 682.743679593 67.3500274878
NGC4429 0 13.0016911 2.28219544748 0.72396076983 3.56172455163 0.150404668472 36.5446410956 6.04834651681 252.035394199 3.48649971632 547.0987078889999 5.734025903979999 845.852876015 7.52176706357 968.064077826 14.8789422771 1750.44498462 59.1474817826 2235.4540448 347.411002919 1671.40447392 123.892717065 715.631673321 21.216097482 354.185097781 13.2468925543 212.558710589 20.415844568 169.34235413000002 78.4903951589 NaN NaN 415.722085723 14.2070118508 NaN NaN NaN NaN NaN NaN NaN NaN NaN NaN NaN NaN 8049.165389060001 1255.78833275 5054.88442315 1244.06930023 2356.30682665 788.008639938 1026.44269728 450.016517962 226.325337187 254.02763388
PGC040821 0 0.436919716 0.0294868753448 0.0121663446321 0.194505459427 0.0320821952982 0.766623447781 0.328333232853 4.084277667169999 0.251240018359 6.16864286977 0.666093273375 8.749019557039999 1.24633704357 7.923124592420001 2.32835835598 11.8516376178 6.89009368309 21.2126652969 22.0151844207 4.74115322535 12.5010452582 4.28919396603 0.869175920246 2.2668072641 1.07350069236 1.64717775833 2.25068966384 2.5072445396200003 5.519673374370001 5.261901299230001 0.766982370074 NaN NaN 1.4515206667 5.161819460749999 NaN NaN -1.12234082643 3.0688654679700003 NaN NaN NaN NaN NaN NaN 33.269116076900005 182.923095314 168.020564515 147.462027279 -42.483555719 61.4315674829 -42.9848623375 56.5711979003 -19.9351521933 37.398105623300005
NGC4434 0 22.18194978 0.1510173042639999 0.0190213195124 0.5068618096799999 0.0384719512821 8.26111538296 0.497641298006 35.5783599796 0.62699986402 68.3224717935 0.909508867806 98.9084209474 1.42300101288 119.17028562 2.16917915032 164.607909168 10.5193097547 140.747042594 31.6159062161 136.607977031 17.6372560905 75.1761363316 2.34742303472 40.6673000826 2.3101220499300004 11.1167619309 2.72882681895 -3.0408118018000003 13.2591526843 70.9454688708 2.45517880579 44.3262126605 1.6048041830400002 NaN NaN NaN NaN 3.66348792117 10.0341628265 NaN NaN NaN NaN NaN NaN 230.973445618 282.930842491 374.454168679 190.725435522 29.9041056789 80.91157708009999 -11.7307713672 56.1842491377 -12.1973070349 35.4085025243
NGC4435 0 16.51961552 0.170205487149 0.0317156319519 1.33905970175 0.0587911025505 23.5469808514 0.668608028028 113.625277346 1.17014361994 225.433384941 1.97388467332 332.72088527 3.27428364571 402.512004008 5.12966148612 577.2906350730001 13.5923153394 700.042333194 29.0063145563 563.255591418 20.102326205 267.69789573699995 7.89722834174 145.208756788 5.23000489015 86.164130319 5.72662563047 109.7150796 14.8319654086 252.787532374 8.1844695846 156.761665957 5.26557878107 159.496599293 8.223399585480001 112.192281438 6.08456397762 123.535296093 7.453737506339999 2545.09911248 265.592555625 3437.6820761000004 561.8549493200001 NaN NaN 4962.3953054700005 494.064687776 4325.87205742 490.225600035 1859.67998853 156.381202092 678.89982865 120.496016931 180.767486441 41.3594964907
NGC4436 0 17.9 0.0320269151294 0.0153720560892 0.247315557995 0.0365088640999999 2.95327302089 0.509293536705 13.2929731094 0.4969337821239999 24.8861749568 0.912026702842 35.407275919 1.96324459471 33.6837968682 2.50304228954 38.5839690484 8.16382449705 54.5925895392 19.721326709200003 28.1288252647 9.82480654448 NaN NaN NaN NaN 1.71980185985 2.81819048892 -4.14269837036 8.55040663722 NaN NaN 13.6037386155 0.909670079789 NaN NaN 13.2841062564 1.50782453037 2.00195634882 4.79348360403 NaN NaN NaN NaN NaN NaN 420.3995271920001 353.011971176 476.291675307 295.875783206 137.06419982 97.4430605525 152.5804209 65.9059204416 61.8368806225 39.54928626
NGC4438 0 11.27197575 2.52297873782 0.119635373191 4.9122059008 0.1467259194239999 33.1790125707 1.78793131015 151.603074094 2.15673982161 305.762453852 3.10200443562 454.793740669 4.8198344696 555.293633246 7.490659737650001 854.861069877 27.8460173625 1072.7575425 58.6967343743 881.549049491 36.3665653178 439.175244841 13.0244776099 247.646130949 8.980586865229998 259.372731864 13.847239638 232.475817976 20.150070569 414.550475357 13.5942049057 259.144305944 8.104176151879999 204.856258873 15.6682052616 250.967935587 8.99316392822 259.79052655000004 14.2213203516 5599.64080516 569.871901137 13757.1613406 1690.31820291 NaN NaN 11314.0675743 1107.5608389 14789.7485093 1207.7834468 7866.16241218 486.100573555 3413.21945478 244.442598809 1139.61023785 101.691617517
UGC07579 0 40.92610983 0.616780667736 0.0319004730697 0.691129839258 0.0284403841316999 2.1013570619700004 0.453447706125 6.06780041608 0.290363455562 9.858800286769998 0.300424514386 13.3349639065 0.6050477043379999 13.1537495004 1.80973758504 21.8979943515 4.40707077252 24.7706096917 7.99132850275 27.7238255795 6.92536405403 9.75266163979 0.760952981145 7.901101020819999 1.64915968321 27.1277530041 8.02798083392 45.0190439453 9.89007486174 10.7207764549 1.04505440412 7.19301815604 0.656019333283 NaN NaN NaN NaN NaN NaN NaN NaN NaN NaN NaN NaN 14.5692424878 428.106866333 1168.00658455 653.196158669 685.938604462 73.1753867284 335.826192424 55.7626301191 142.01036436200002 33.1531975733
NGC4442 0 15.1356065 0.5553417618769999 0.277222079927 1.82507802836 0.134197339667 32.884207594500005 1.88390048329 161.96530670500002 3.1838465950800003 325.060894295 5.13579282724 473.544575198 10.2558070841 585.9606942830001 9.57992159077 843.9231206530001 91.3306979272 939.904608335 203.901055639 785.706630437 131.469190268 400.198358641 12.1445130393 221.289728055 9.00885309895 57.7928304354 12.9777858321 49.5015351085 42.948393542000005 NaN NaN NaN NaN NaN NaN NaN NaN 42.7709605149 4.970118132700001 -1.36973390105 115.319651044 127.166427951 58.7539495394 NaN NaN 455.357190279 743.271618678 1015.92006417 717.534512826 383.4663166250001 247.942734212 258.260399618 228.759130755 126.561906305 96.7137488399
IC3381 0 16.51961552 0.0358041759934 0.0218613218999 0.25668503112 0.0352264906502 1.34762214369 0.712569460125 13.1224023689 0.674518444917 26.6702417657 1.03904145588 43.7039343604 1.51702095955 34.1662794148 3.29623243387 17.5313473976 11.803843871100002 -10.3712952776 43.92819554 4.658232449610001 17.436599981 19.1851065375 1.06663346854 NaN NaN 3.86162323588 3.03441305227 1.97413796906 8.59046965441 NaN NaN 20.3092194372 2.41578041677 NaN NaN 6.60686277205 1.7295704856 -2.53166820221 6.951358917089999 NaN NaN -82.0829053243 154.115041114 NaN NaN -20.3369644519 299.91632974299995 -67.7012132556 292.241679162 27.993454597600003 99.0066361319 22.5007931221 70.506570852 8.248741641579999 33.7331172158
NGC4445 0 18.03017915 0.376855942299 0.0318704892977 0.800554395434 0.0440428438961 4.20921522688 1.22629883327 19.9781108229 0.706769595577 37.281382153200006 1.27808306361 53.5398146036 3.39346045379 62.249309258100006 4.11489843844 91.6525111209 24.4625914155 46.9907607497 100.511429499 77.81249792300001 45.3803714415 45.4485623467 2.09281873438 27.3746622451 2.11397583758 43.2469272099 8.25397533861 40.2890469898 13.4717111616 44.1843240798 1.46570455866 28.001375286 1.48890244368 NaN NaN NaN NaN 37.0983654568 3.3917703723 389.586432077 102.876688816 1600.14233351 298.61419202900004 NaN NaN 1555.89517451 456.591575813 2299.46753987 413.807994588 1329.4567720399998 128.35633409899998 539.694830218 87.29078593439999 164.668980374 50.8979438237
IC3391 0 23.12063958 2.29920803993 0.1097981276939999 2.93077382483 0.0861843100553 7.4987572326 0.727133960189 18.5604051657 0.423165625752 28.8062381108 0.75819529232 35.931994867 1.37422565359 42.147242206200005 2.66560369653 52.4286546887 6.06038227346 55.9830976041 29.6968196055 51.4989954662 9.38272144419 22.8059592294 1.21048434288 13.2556100581 1.36065845218 44.9208369802 3.35766473944 45.1097501002 7.65165382132 22.9715878519 1.56215079787 15.0553797326 1.04363516085 NaN NaN NaN NaN NaN NaN NaN NaN NaN NaN NaN NaN 884.880716597 670.154963732 2188.46334488 564.4732293 1278.1034357 100.888145451 582.455742041 70.1668993107 203.83942387 48.4136718412
NGC4450 0 16.44372027 3.70896835928 0.176707565703 4.90495429843 0.149622888543 57.876466118900005 0.959651914376 233.386635225 2.09801238933 466.307941572 3.85833251236 670.973371625 5.12799107023 804.190323237 7.89780812305 1100.11695647 20.736826434700003 1283.7325346399998 28.369509858 1059.89197812 23.4579768264 525.748980044 15.3885982616 279.623664319 9.9999440035 250.92575665400005 13.893640733500002 248.455571126 22.8495833178 509.013335028 15.5707190622 328.314642817 9.92424425198 122.396226781 11.3598437477 134.010863035 29.7966638139 207.22986581 11.1044368454 2932.31590021 333.393331419 14251.3671271 1742.39148914 NaN NaN 10091.1312349 2095.08739866 15146.1739945 2283.66342006 8197.834899329999 504.205903185 3790.99563649 301.423284185 1449.50997348 122.966088846
UGC07596 0 4.59 0.230502524728 0.0220062795659 0.543033727005 0.0335895299848 1.10187994294 0.758962566965 6.488863542890001 0.415036523615 10.1365652529 0.593039159102 13.0125852113 1.18445114649 13.5550061371 1.69929043416 18.2783303472 8.42063365594 57.3567766108 30.2044511852 20.6140590718 15.1518091647 7.07322744317 1.08153749517 4.4409281678 2.9945861293 0.6571093165 4.29287834204 4.85013683256 9.82976228842 7.39136859025 1.21127788398 5.0021357687800005 0.98666873526 NaN NaN NaN NaN 2.75306828029 3.937363232590001 NaN NaN NaN NaN NaN NaN -277.62181950800004 264.740444399 347.903060795 210.75184999400005 87.36581367880001 95.087331581 0.0806094188518 83.38966701800001 2.36383257501 43.2523266943
NGC4451 0 26.06155748 1.21097306977 0.0585967078516 2.30020928353 0.0735020633424 8.35943383751 0.85992409504 25.1713794833 0.631992816437 43.1727290851 1.0808683391199998 59.4913906052 1.70854166344 60.6064055218 3.24804409227 91.0073128979 10.6620648969 112.718118525 68.3267989993 75.2045912099 26.2096018427 42.0981732672 1.80466154367 24.1301231784 2.14595623784 116.965009792 7.32412970266 160.335555872 15.7326346659 42.8282994253 2.30648077128 29.2762108194 1.29465474804 NaN NaN NaN NaN 153.311661052 8.02247794692 2414.3519532 323.844109498 5136.21583945 621.236511336 2833.47747195 455.598463337 4948.30422809 474.174665643 5443.8168507400005 656.658206169 2315.24661506 160.287114451 951.90329302 96.6966830598 319.47883991 66.4768762389
IC3393 0 18.7 0.0322388738355 0.011221162771 0.205619520683 0.0182013305066 1.76309133488 0.29903738488 5.744620696929999 0.250374815601 10.3672156289 0.417828692468 13.9224124945 0.917731299071 13.8471038424 1.55969109679 15.7118012974 2.74747588386 31.7825012777 5.51318793097 20.6213870517 4.46709712217 7.682941470769999 0.719390637383 3.32146311802 0.7126550213080001 4.44443462516 2.30993419165 -3.08769121928 4.53827343533 NaN NaN 4.3734132971 0.991287258061 NaN NaN 2.38467064632 0.89279209969 6.85072300392 3.80255569827 NaN NaN NaN NaN NaN NaN -55.0073175764 201.058090714 87.2622065761 144.386840528 61.2573371455 57.8532899292 20.702927685 51.8234811881 1.98986135234 35.2256119414
IC3392 0 11.16862885 0.327198109344 0.025970113771 1.25728475468 0.051076063609 8.66083597193 0.433561427903 35.5858806377 0.500525405102 64.3052206335 0.932046761489 90.1359589337 1.49943781465 107.895633921 4.27189149995 145.27196113099998 7.77856063548 170.508163048 18.3813711343 138.286519994 14.4859333212 71.72683347309999 2.65297975641 42.6426480229 2.25148291878 101.365846355 6.01766491244 119.909646136 13.8135231452 70.2481125881 2.39462951404 47.2255397288 1.65771128206 38.0365370769 6.20843154597 112.967312236 4.24558882421 117.434402864 6.84138551512 1699.4626588899998 196.741449446 NaN NaN NaN NaN 2712.5108025100003 690.354567445 4772.66063859 738.181654761 2570.66642079 199.019492473 1054.16929325 102.937031045 355.45006431400003 59.8844351055
NGC4452 0 16.04 0.2007093760759999 0.0410278532468 0.718529829592 0.0568640816719 10.619222356400002 3.08858810971 42.970133069 1.23706729656 81.6814476735 1.64662292674 117.837526954 3.85123326968 141.578926218 6.86571841316 190.666377604 29.1674994417 234.248325449 111.576646011 181.865460103 44.843325771 81.150893463 3.00070228456 42.9054780663 2.57184679139 3.78307756632 6.70131665028 -0.0730892252598 14.2116885259 NaN NaN 49.2136985562 1.72070530902 NaN NaN NaN NaN -8.478531117500001 15.3835374007 NaN NaN NaN NaN NaN NaN 249.92444771 703.2181285620001 175.12647122200002 552.038977851 17.3749864712 212.832097281 21.8745059499 111.350661563 15.6133102736 52.654477948
NGC4460 0 9.50604109 2.2864992082700004 0.172944978019 4.47205215982 0.201146332409 19.009002982 4.13896049196 56.5954001551 2.22420805341 96.7639748803 3.98048116542 122.601493011 6.41691030738 141.79884860700002 18.2119098167 179.77854227100002 17.024039611200003 175.342322913 48.8890648382 170.759252993 19.654659078 86.55347220499999 3.03556897354 52.0612196399 2.67932007282 110.719316049 9.01026604299 306.42232737 26.7034404493 84.5964708731 3.01226841983 56.7994140885 2.18459313521 72.78745941780001 2.60055647834 124.482085022 3.95778075394 301.124376358 16.534488049 NaN NaN NaN NaN NaN NaN 7370.21119307 717.2553223169999 5203.83303065 600.103047127 2480.67915559 219.850292277 1184.95378793 175.051424279 623.169501209 86.7062715232
NGC4461 0 12.02264223 0.319563435077 0.0707552092752 1.15029757568 0.1023312926819999 16.290141338599998 5.27024864698 87.32582305470001 1.3876332232800002 176.44302251599998 2.23145068964 268.110637747 5.64275289037 305.982123214 7.95668209414 392.331883449 36.6686361757 375.984775681 64.0447456038 289.645971134 72.8428782549 212.361110539 6.60731614631 117.364448504 5.61800892179 36.3290199697 11.8403531416 10.8786728456 21.2776094906 202.24660455 6.53359847161 125.479561916 3.95313246521 NaN NaN NaN NaN 11.5008356312 4.02828271776 -189.580953271 171.212888325 176.906239809 120.822700906 NaN NaN 1530.57483256 963.585928672 -157.60715491300002 1001.59952783 206.250715883 264.847812471 188.919484821 229.175675312 122.878625558 119.867469191
NGC4464 0 15.70363163 0.166398278746 0.1481192697449999 0.3312012943269999 0.0546309311081 4.60179833206 0.948826664803 24.8939660729 1.1152138209400002 47.8061284162 1.82125948504 70.9274568495 1.7769294290900002 86.1721197582 5.07365541576 123.466155845 16.814402063899998 173.087980045 89.40696279000001 109.572177227 45.1231113528 52.7843764662 2.50229191936 25.0172196409 5.75378096799 -2.8771469653 15.2940284158 -4.90886875902 17.7030594262 47.9800949862 21.8458226059 30.9480274352 10.2489463193 NaN NaN NaN NaN 9.85115975218 21.0262522846 175.01188095100002 196.946278071 -33.022415014299995 174.426271441 NaN NaN -516.469042478 571.6601071350001 -522.713004335 452.809825892 199.656605343 128.369567397 114.625119878 101.665043384 49.9985838695 65.3272772434
IC3413 0 35.1 0.0716273645036 0.0132570944613 0.309846104327 0.0299646960646999 2.93938360513 0.5588906131870001 10.2318783489 0.387720275287 18.786588913400003 0.708828448889 25.6478945822 1.1394161489 29.7188431112 2.0730265846 39.3174106645 9.18341495139 76.4966012247 39.8518686887 50.7193073714 16.480138177799997 16.9423078843 1.11222968165 9.42112391483 1.1086410427 2.36418080982 3.50694337001 10.1132089003 6.87257783275 NaN NaN 10.5364655379 3.14540243125 NaN NaN NaN NaN 2.15614995051 5.8754938296 NaN NaN NaN NaN NaN NaN -189.246655965 307.224239237 89.505232644 229.944613609 31.525297527100005 113.863485959 38.6638652182 78.6403708889 25.6828005104 44.2261740578
NGC4469 0 16.74942788 0.357471899385 0.0595004654633999 1.1842380259999998 0.0829370662649 17.5180106843 1.73759416885 86.2693061172 1.72912183738 172.847801735 2.78035079816 254.860072845 4.01913007042 317.883341953 4.91512402663 491.362815618 51.7665200185 453.154351803 28.1079600044 417.27659551 77.5617098418 209.478757525 6.42958482227 111.292766999 13.0426170882 92.9972756637 30.4138634045 86.7994734158 39.1617416432 NaN NaN NaN NaN NaN NaN NaN NaN 87.6793983836 7.16598479671 1284.79893049 417.102657685 3330.4339523 562.182777399 NaN NaN 2687.26203983 1068.93716926 4461.43412884 1107.40489226 1681.30737619 246.855700462 434.415799083 168.198916672 61.5519210317 127.277755155
NGC4468 0 15.70363163 0.067647138107 0.0203320620075 0.363389766534 0.0476025789484 4.92195936117 0.584704178556 19.2050370681 0.565735479947 35.7152704083 0.639964507446 49.6935476671 2.60821625986 59.0428494132 3.83624472353 72.3015411504 8.244947971750001 80.34499432279999 10.3827142567 64.3097165022 12.6713898731 32.045448450100004 1.32745018764 17.5292441546 1.13943449119 9.27977483755 3.40015057741 23.24343152 9.05992581576 NaN NaN 17.336746392600002 11.2599142604 NaN NaN NaN NaN 7.22671587388 6.73222785714 NaN NaN NaN NaN NaN NaN 209.599649321 309.775996287 365.793294394 275.863385568 213.201257242 117.951017474 157.91789498100002 65.0268493616 54.9654817372 35.1373533366
NGC4470 0 17.21868817 4.31063314833 0.223473007545 5.689538650809999 0.162100236562 12.4226979201 0.7467820587389999 29.9111708379 1.23293668115 44.0522088336 1.46014435931 54.551786736 4.743232781730001 57.1033529755 4.46561092493 77.8573257909 12.1979762991 88.29250386140001 42.8179242278 66.9027325784 17.5590623591 36.7356850852 1.8195181647 21.581926201 2.77390070883 116.377282828 10.1818207798 154.077249245 12.8385863087 38.2376431519 5.45497310782 26.3640629156 2.96039336074 48.6177451636 9.977173232859998 146.78888806400002 4.90887897588 156.055872557 9.32714137826 2564.70439816 286.077637444 4511.03051628 545.524676536 NaN NaN 5116.65983323 511.01303106600005 5539.77320299 527.804408083 2617.38513205 174.652345413 1156.18805408 99.5355754446 449.054511719 53.5223965259
NGC4474 0 15.34616524 0.134469774534 0.0615165532386 1.02605111227 0.075196756189 15.988380729699998 1.0501300834999998 64.88703887289999 1.16377649906 122.860287171 3.43008337166 175.91115661199998 5.36109092755 210.003751812 16.8829171589 271.58591504000003 18.7863299907 295.31342596400003 34.1129370542 243.130903406 22.6497567078 125.359566494 4.22404710678 64.8810035414 3.12490051672 5.61933819676 8.40511366896 -10.4946614425 19.228122546 NaN NaN NaN NaN NaN NaN NaN NaN NaN NaN NaN NaN NaN NaN NaN NaN -71.4327500096 655.4926901980001 -565.413208567 707.639584661 -310.505999845 253.683931549 -191.252294978 159.190902886 -88.76509783930001 90.2005009364
NGC4476 0 17.37801821 0.215340288862 0.0264133838382 0.97315627574 0.0454229031933 8.60669366119 0.653985991911 33.0837178075 0.76919342936 61.4328293614 0.759164988947 84.31937130729999 1.53401103691 100.226183713 2.71556182164 129.474368826 6.68964011683 204.162673903 27.3780708196 119.957841087 13.1510515196 59.2424519767 2.14156518782 33.0535268148 1.83531902843 41.4434143191 3.51783312543 38.7928272206 9.59019537487 58.9109356426 3.19041461075 37.4178894718 5.316535855790001 25.2507598808 13.9098942974 47.3253343593 5.30394106333 NaN NaN NaN NaN NaN NaN NaN NaN 2017.51744095 414.2825167 1744.37077921 372.783994443 814.4877923519999 89.4952851237 365.73782685900005 76.6336496566 119.487773192 40.342788228100005
UGC07636 0 5.2 0.151562018044 0.0113595673508 0.253112782272 0.0119878066556 0.788242341925 0.106294699099 2.42100846368 0.141021641062 3.03007245293 0.254584792106 3.52838872425 0.400409361713 3.84398703933 0.528669811282 5.33778752675 1.3741785750800002 3.60379394205 2.44178492345 -0.972876879457 3.54215076306 1.84234897596 0.2738335227189999 1.20225970876 0.325746744124 -1.16481545775 0.823970848121 -1.45739913435 2.19476636339 1.46268598522 0.594234657857 1.05066104525 0.194423124895 -1.86716368447 2.33429719269 NaN NaN -2.06747444772 1.21518376862 -21.1311570683 29.0083661969 28.0660315305 26.4439787716 NaN NaN 57.2143135079 64.89282279689999 NaN NaN -1.08054296364 23.8127625056 0.389882942964 15.1279258795 -1.60286235121 10.087613225599998
NGC4477 0 16.44372027 0.571587259968 0.063429615929 1.9206493058 0.134638450525 33.3994384978 1.81607546395 171.824377226 1.72424481556 347.987619269 3.44447775823 514.048671539 4.76142845779 643.044030121 9.33341984293 879.257631958 22.0849007475 1001.46400003 45.1988035344 847.178208037 28.408791702 436.520633831 13.216334469 226.873223151 9.23017062499 78.5139408208 14.7259543205 59.8093151022 33.4543252685 NaN NaN 229.764737301 7.96026864433 NaN NaN 93.4862911826 6.63257519357 NaN NaN 447.092161302 521.805251331 NaN NaN NaN NaN 1038.98679125 1186.77674889 1427.86846624 1038.37658905 433.997916655 457.722798444 194.233484884 294.108146031 120.027262827 168.35294225299998
NGC4482 0 17.94734399 0.332220112944 0.0379463651738 0.46808492727 0.0503808602854 4.94116943378 0.7661124297340001 18.7304028543 0.463868391317 33.6544643946 0.627385621922 46.3949703226 1.33339464461 55.976821180600005 2.8286723961 56.768596703 9.05364048554 35.7709125535 31.7471292478 59.173710727 13.0371949681 25.862053699 1.42326911565 14.3521306936 1.76801052239 5.135844421500001 4.21675683675 -6.37487153062 8.0205440637 NaN NaN 17.4580806488 1.05506799601 NaN NaN 7.35530421778 1.57211679584 1.3540913691899998 7.97982877475 NaN NaN NaN NaN NaN NaN 214.400401783 242.058018674 151.58351107 268.06652965 269.266560088 78.9694715631 198.234822524 66.74872237550001 102.747738412 42.29613832
IC3430 0 13.74931731 0.178816649266 0.0348687231528 0.305563553504 0.0423680271185 1.1052091764799998 0.76369662521 4.12248813517 0.386209311297 7.34311017499 0.595768417389 9.93750113543 1.01189257332 11.2350256296 2.98632600995 23.9263658977 10.6077200268 43.686221681 46.4441134082 33.8224507933 20.1098790401 6.13505746051 1.26811955054 13.7350574446 2.8890177865 10.636127649 9.6141326599 -10.6703929223 10.8175263723 NaN NaN NaN NaN NaN NaN NaN NaN 10.2028584995 7.53258323133 NaN NaN NaN NaN NaN NaN 493.094695366 385.308345229 -35.217076687500004 327.690841784 173.160726682 110.12313712 169.712939669 74.54372661810001 81.35416040189999 48.4453868695
NGC4478 0 16.82673411 0.246969761292 0.0426696910213 1.0647353793199998 0.0686847563861 14.6830405963 0.965839117735 68.7570654684 1.59392489333 136.447609936 3.45392914219 200.286634152 6.262655108130001 245.602822934 6.12532483696 358.477288627 16.3324112541 380.516973821 32.5390930927 325.544334796 22.6742152256 155.945866898 4.842385891469999 83.6332312552 3.34899728986 27.9317666425 3.60613890425 21.8041267081 10.7447674473 150.22087143000002 6.72990661463 93.0094690866 10.0045855244 62.0069182517 17.270671364800002 37.0033336737 7.848605949039999 19.0910157658 5.31676408907 49.5777110042 1000.12936778 NaN NaN NaN NaN 379.933498273 365.705102981 -90.8090992189 509.53520452800007 114.912098208 97.5924230576 126.182917285 101.218259214 67.646478024 66.2600250245
NGC4479 0 17.21868817 0.120450949654 0.0241432319118 0.406706455536 0.0400852783648 5.03088611514 0.725006338145 23.9493448185 0.4659548572899999 46.2231724752 0.792531939187 66.9375840118 1.31691005538 79.35630300380001 2.71672492158 109.649347375 5.57004546478 109.398306603 20.8496682717 101.679869569 8.53129101937 48.3230206985 2.02760307869 25.7191885047 1.50988365215 9.61754020975 3.31252720417 -2.87444570703 7.65466055363 NaN NaN 26.3928867639 2.37631647953 NaN NaN -3.94380855652 2.65095424435 NaN NaN NaN NaN NaN NaN NaN NaN -81.9608428725 423.999673121 270.303424746 278.716733919 66.72567975800001 103.80581446 30.5942752755 48.2009698413 -10.2119770746 41.8150912285
NGC4480 0 36.64376841 3.37459709957 0.216428453164 4.367324522700001 0.123634693814 10.1310957535 0.684404809745 28.5901776223 0.6088362258919999 45.130761813 0.701660956068 57.9759432021 2.50363402346 64.7083656479 11.153317406 108.685301725 13.9317753996 133.503515628 25.9683143327 116.339855551 27.7597003607 NaN NaN 22.9400979712 6.9713520866800005 99.2163315344 10.2954197593 155.511261349 26.5012651246 42.4096505842 1.53616432207 28.9271598978 1.69312952946 NaN NaN NaN NaN NaN NaN NaN NaN NaN NaN NaN NaN 3551.12790048 752.3454538860001 4781.18794661 887.889646397 3320.18740986 208.225128913 1555.06629577 123.814236642 636.8839331329999 62.5520761471
NGC4483 0 16.59587928 0.13470283937 0.0275811403838 0.4246486220129999 0.0286488986921 6.8280416412000005 0.77388664111 31.2725621504 0.471511177886 61.1795910856 0.662294036642 88.0158248099 1.10451114416 108.536059662 3.0939698484 155.55025092800005 11.1249979452 173.40481928900002 36.6947152631 134.36015789799998 18.1003482731 72.0479105596 2.29925420395 36.5723355199 2.77332051086 10.3117024139 8.36809525467 -8.98998027921 11.853687391 NaN NaN 39.9827116412 1.62147830031 NaN NaN NaN NaN -4.41200532452 6.37361702468 NaN NaN NaN NaN NaN NaN -384.992304868 414.044824796 228.94806616 305.825883822 -53.9152016451 106.891471384 -85.17595321 73.4563314422 -47.347813223 46.6730490825
NGC4491 0 3.590933916 0.349322129328 0.0274374316837999 0.983468003025 0.0415827363879999 7.16146943495 0.45910754069 26.0296703524 0.363447471361 46.5847361847 0.593630863096 64.0175897984 1.15710458479 73.7236279942 2.9835580028 101.441528192 11.1526846065 126.83812253 52.1926745698 79.33507767420001 19.559523314200003 43.7078729475 1.85684554609 25.2742986369 1.85769240746 57.9518679384 5.39740677973 295.022094411 19.1332201873 39.7784203777 1.65301930707 26.8723895703 1.34930228978 26.5983434164 1.35588699375 80.8268189598 3.15920395856 328.979412528 16.8363815471 2488.7736495500003 289.332805252 2053.30949701 374.173407173 NaN NaN 3118.57335165 470.631018423 2317.598188 418.190034891 964.736139991 195.21677446 350.27503079099995 123.125032155 135.872485021 59.0811687686
NGC4492 0 32.65877863 1.6430889221 0.285122042569 1.72822178783 0.0985172065871 13.7005019552 1.6544702689 54.5975890928 2.65113484099 108.399660084 3.89875918728 162.01834157200005 8.40325364869 178.822231695 8.62717468179 281.841625536 23.5744262148 282.582797619 127.61212487000002 260.80140100100004 41.2372145059 206.501180647 6.6139665264 96.6633949866 12.319738918 62.7993515855 22.5259994565 31.6491189236 40.0739598393 NaN NaN NaN NaN NaN NaN NaN NaN NaN NaN NaN NaN NaN NaN NaN NaN 1220.16337532 769.297510429 1654.94293163 802.5979339 1647.92487448 201.911870273 837.5224489799999 139.475228816 371.508759741 100.895167998
NGC4497 0 13.8448935 0.0996181415164 0.0383307632347 0.6258944079400001 0.0515144096575 8.227691655200001 0.5875104985540001 31.807417610100003 0.555848336501 58.520349043 0.990193413711 79.8526307651 1.58257941397 94.4220707905 4.706777466549999 128.76698230399998 18.0961226646 195.963769554 56.5248166455 116.012326582 20.9285334933 52.6553635006 2.27364660317 28.6150976682 3.22500028263 9.5538339496 7.59817185029 14.5160168694 14.535825434 NaN NaN NaN NaN NaN NaN NaN NaN 18.238778819 11.0875423658 NaN NaN NaN NaN NaN NaN 830.971929509 514.17139318 294.84794799 508.31743184300007 162.541980812 198.156967948 86.0607240013 122.705811862 37.7900504667 78.3092072474
NGC4496A 0 14.58814376 14.3549166483 0.648744893111 16.9059695343 0.46870512194 35.838455837400005 1.36995319193 80.9422199425 1.37892334408 115.22802664 1.77353999993 139.71172967799998 3.35557229665 155.564075097 14.8245231939 261.430497792 86.5555584181 238.625690616 108.673076197 218.726818045 88.3632504496 116.680536544 9.37560126036 69.239742022 7.85821246074 300.433322255 20.6831736433 472.548458053 42.1403240282 126.99233516 6.15964135476 69.18765693499999 5.7683006606200005 145.798704294 8.31950288087 375.08748593 11.4784097693 497.9656875 32.9019028436 NaN NaN NaN NaN NaN NaN 11482.5732387 3648.65358569 15705.0782731 1771.16522217 8105.84999509 493.919127011 3995.95087307 284.121138329 1638.4610750299998 141.849347864
NGC4498 0 16.67247681 4.32575977951 0.197191883169 6.471180297489999 0.182834163232 15.646195510099998 0.970690340763 41.0929718018 0.8452478376929999 62.3682315327 1.88854956385 78.8570232783 2.70015158773 91.4695309418 4.33402667915 112.180729198 12.8941739116 160.48563246700002 66.2413848887 107.790739379 26.4740780762 50.4744995861 2.18683137853 28.3980484174 2.02553221887 113.362084174 7.00251681256 133.293974578 13.9645412787 52.9981388373 1.9265570397 36.126154634 1.38224838634 27.180908007000003 3.5981188967500004 129.495798209 4.22892502584 133.742097911 7.15391480086 2045.17487991 220.330415625 6171.72776063 748.489410507 NaN NaN 4774.05030146 726.125154154 5603.70507161 708.459073529 4055.83422382 287.952791167 1967.79425881 169.922477784 873.998440382 63.7288181496
IC0797 0 23.22737735 2.20663786767 0.103814446119 2.97502522445 0.112330008202 7.57538314427 0.3525148905949999 20.1244673214 0.42312477865 30.5172593071 0.529305636886 38.3558047998 0.879692526718 43.220476647400005 2.8134955985400003 50.0540637053 7.44842450949 22.9766113859 24.3722034631 27.238014632 10.9457517903 25.6535424114 1.40172875548 14.0694253882 1.35935143675 53.9132844277 3.99791688616 50.962627470700006 8.62510696436 25.2266935704 1.50206187197 17.252023344 1.16024484691 22.3274468158 11.2137137615 64.681871585 2.61206666022 69.41145456689999 4.229381330420001 1149.45469138 131.36311976500002 NaN NaN NaN NaN 2334.10267446 710.587782518 2230.93052948 590.186906001 1669.5926949 118.538375052 805.860103149 83.00579904 283.28785062400004 39.3131816013
IC3459 0 1.843255052 0.0207587894485 0.0119217798659 0.137502726148 0.0186867748205 1.47407614098 0.323015449889 5.68879114419 0.534869459088 10.5589544632 0.516011978025 14.0699496468 1.32791243369 15.9095290614 1.81629675567 22.2767700779 4.76900573956 60.2311781083 18.7134840534 21.9820262965 6.45150358974 8.393839390170001 0.6611330368620001 2.84615625364 0.997123695234 0.639739803658 1.94276338801 -9.15432793073 5.3960595838 NaN NaN NaN NaN NaN NaN NaN NaN NaN NaN NaN NaN NaN NaN NaN NaN -108.132925429 261.969572446 -110.666142306 182.686983022 -83.7275975034 67.1628771991 -76.46102821870001 61.2897081112 -46.8454827227 36.7771912525
NGC4501 0 11.16862885 17.9426753607 2.02165952038 27.9330836419 0.894388603758 115.430264497 8.2638643089 432.441594166 11.8366849931 834.4134887869999 16.9787158098 1232.53465415 33.30443179700001 1550.1225243600002 53.518993573 2183.5435809 222.332447365 2588.72009528 781.9428171019999 2212.60853834 292.394025304 1141.07512833 33.6390706251 664.643021525 25.7753576851 1990.21622639 106.791948281 2501.09407809 166.98298316499998 NaN NaN NaN NaN 726.729601843 30.8237909748 2141.82106784 65.88587292509999 NaN NaN NaN NaN NaN NaN NaN NaN 75364.1141501 6909.05803477 103119.887613 8474.78660834 56943.3401227 3283.15589503 24115.7346881 1485.33071088 8443.443559329999 631.247999743
NGC4503 0 11.74898019 0.273137204219 0.4380188186779999 0.984387450794 0.0987134549165 20.2370702183 1.99204397001 94.8272668793 1.28067501471 193.468265168 3.74911441086 285.543936845 2.6189315254200003 344.496555554 7.91156093591 508.259395594 32.8190656402 557.4196381549999 111.638202594 483.327371907 38.936739509 NaN NaN 121.200493664 6.25498190018 50.3634844714 21.4900848163 60.0042046393 60.4110871024 218.019091164 6.70673628151 135.526255237 4.176177791700001 NaN NaN NaN NaN 26.5470890282 51.9789735165 NaN NaN NaN NaN NaN NaN -617.0256288090001 907.219423645 547.62794027 1671.40966097 -35.3389345647 553.195302216 -80.30236798039999 289.235999614 -68.4265556024 135.917541107
NGC4506 0 13.91316221 0.20865790414 0.0236947354544 0.6526106562149999 0.0417677308503 6.48949027435 1.08694966914 20.2568463216 0.406929815627 36.0693854309 0.618498948859 50.5507442 0.970838978631 57.354150913 2.3190722692000003 74.5040811326 11.2821961884 63.7934489753 44.5174813959 57.2476058678 18.6238116732 33.4617532521 1.32973236998 19.6921510176 1.79123867413 17.2066229899 2.87597775904 23.4527897196 9.13381325906 30.859217696 1.80796819222 20.3790030841 1.65326829502 NaN NaN NaN NaN 14.0805497727 7.31845564349 276.497769686 97.0563545769 278.819497288 150.331857413 NaN NaN 942.984962499 290.997414895 660.421361458 332.458854608 496.552832667 99.5135115259 234.754370181 93.273576854 93.4941676575 46.0259936115
IC3468 0 15.20548091 0.3929017376399999 0.0368355578687 0.451088337149 0.0303981527454 4.05652507284 0.5756998390060001 15.0581263364 0.430089013436 27.8575911003 0.6755244405599999 37.8536288846 1.37716672106 44.7661203555 2.08204736843 60.2964786577 7.6270342018 88.6512752964 18.7914440584 54.9060782117 9.07513737523 21.9813475513 1.2299510193699998 11.0862425888 2.61137681816 -4.51734582162 4.311284201199999 9.7748889839 11.7713559122 NaN NaN 14.9795539432 1.26586371671 NaN NaN 5.62856022887 0.979294961332 0.0747552261293 7.20627475455 NaN NaN NaN NaN NaN NaN 155.18470224299998 231.855011387 215.653816114 211.229191413 -7.58288649954 106.38044465 -44.6690573691 77.2226159459 -43.1571225016 45.2885333136
IC3475 0 42.12179137 0.0414180087806 0.0219457258147 0.368890405429 0.0474771636291 3.12120607927 0.3298143888179999 11.1070529032 0.36167167229 19.2529013539 0.4346325261179999 25.5448299546 0.959409338642 29.6630076004 2.18083983594 48.3947731869 8.55114645489 191.936316104 37.9117107581 71.193807064 13.880069949 14.6513756642 0.8897043183009999 9.00895887606 1.71555068757 1.6157010996 3.89671872925 2.28151477571 8.12798517993 15.6600362168 0.958167170063 10.3702810714 0.8624501683470001 NaN NaN NaN NaN 15.009305373 6.22951945594 NaN NaN NaN NaN NaN NaN 186.835764669 370.824340495 -306.068393319 250.199253931 126.776592927 100.722416242 70.3993431931 63.8044333303 13.6053181008 46.3961055719
IC3476 0 11.58777702 4.81226514683 0.301584313063 5.8785087241700005 0.163154668743 12.1359899033 0.582093236325 26.6016592928 0.3621726589539999 37.655301029 0.689341775627 44.7691187266 0.8584305990250001 45.5410005084 3.21121739126 36.1572835545 10.9750985669 -13.0281320749 53.8379036636 26.2420127808 19.1274470588 29.8192402134 1.61816891703 18.7545927099 1.56653413304 90.8255515142 6.004225937449999 193.020413399 15.335682488400002 28.6081663297 1.34858020338 20.7301364979 0.862823113355 59.3388148315 4.7423407833 100.572484357 7.17411762587 158.463200094 9.42570727167 1796.64292506 285.926262972 NaN NaN NaN NaN 3892.69829378 523.290404351 4449.76615553 555.335016297 2437.66131865 187.920040571 1215.42005791 111.876853965 490.618549595 50.3072594367
NGC4437 0 8.394604953 7.0813973123 0.3323983331439999 15.3543509882 0.479837819065 53.2961577052 8.02462488493 172.781569155 7.254329354329999 303.064202952 11.7240957614 435.869722841 17.3537783134 508.5150911239999 49.091016997 754.165954003 109.199248766 1000.51645949 259.520617094 648.547259034 299.892534662 455.438661784 13.8336276852 276.529108647 12.930685787 910.852120582 47.499292074 1194.3214549400002 84.6941716779 NaN NaN NaN NaN NaN NaN NaN NaN 1148.27777804 57.5921860958 11859.8935608 1199.7576637900002 49523.668821 5954.68206012 NaN NaN 29225.614609800003 2115.70180432 46761.6525694 3352.83263636 32185.4192968 1774.59040006 16862.5215337 933.440509002 7090.96198302 393.758443092
NGC4516 0 13.95412343 0.565627185531 0.0474305022106 0.478471823658 0.0549379181897 6.1690071623 0.4148984975809999 22.9227726232 0.408577787631 42.3693571752 0.695484588257 60.2255415321 1.18317518656 72.56340896910001 2.9126768307 101.286268483 10.1739400117 117.582400142 51.39510049 96.6391607213 17.1030197184 41.1769386591 1.70258814634 23.2517761656 1.57790456026 11.3442514996 3.50227175229 18.2257851028 10.1453507391 NaN NaN 25.0799707048 1.14349055715 NaN NaN 13.8121217754 1.91054917571 2.4382983666 5.08397759125 NaN NaN 51.2793452403 178.934154032 NaN NaN -153.465203325 683.163297421 280.018838586 776.309607951 59.5628865396 161.065540083 27.0018750171 108.084411834 8.7319639114 54.7661493221
NGC4522 0 14.52110623 3.03072866751 0.140615211975 4.50662555208 0.145543720875 14.0933783194 3.16649057944 35.927377249100005 1.05382018121 55.621742368300005 1.6321982472799998 72.0675529679 2.85341227352 87.6502548032 4.48545648869 95.6869150767 30.6758632054 116.115366427 80.472485372 88.6819921933 36.469503236 57.144122684900005 2.5022016269200003 35.646583116600006 5.91885187537 122.808617637 13.6543690317 156.214691676 26.8419645671 61.9710890587 2.16786934885 40.6328891795 1.68524032408 39.719384406 7.20941589766 144.139305752 7.37366797598 158.278870231 16.8904342334 2116.87707128 217.915465984 NaN NaN 1877.64403124 604.656415092 5530.09565663 717.657053651 5235.49859645 646.3588261 3610.23987698 240.922283595 1707.41055537 154.566383573 639.069541937 80.4569572005
NGC4525 0 11.11731737 2.3792828856100003 0.110020999347 3.23479034951 0.0948570951649 8.80583429479 0.704690340652 26.7782681128 0.634035344601 41.9603912292 0.6698805392780001 54.0922171172 1.513045055 58.7974760913 1.89033266308 86.1127369341 7.771913522519999 91.3233966821 14.7414400855 67.3222195499 8.788279545830001 33.479098366900004 1.38306339461 19.2244883087 1.42342173458 49.4711846944 2.81034751768 45.6425636337 7.319188216440001 33.5924301401 1.15120766082 22.9986322948 1.096306025 NaN NaN NaN NaN NaN NaN NaN NaN NaN NaN NaN NaN 352.763603056 694.505260883 1582.18093516 660.6143918189999 1911.58528077 125.152894283 1056.95056311 80.96653933340001 457.320804155 48.6732654028
IC0800 0 13.99587028 1.87830266601 0.108347600291 2.21918591888 0.0686378894304 7.289090904049999 0.358013047898 17.4810254122 0.336174664585 27.525875807 0.469250269492 35.320558125599995 0.8557035144039999 38.7878729654 2.09585605657 54.5477392998 5.6454484565800005 86.5415464915 23.2141746907 58.0508534331 9.19552533549 21.6237133017 1.13092626333 14.4577470305 1.37234391937 36.6388522422 3.14117657257 55.5911602501 8.4730383748 23.1877521703 1.81751469037 15.915127230799998 1.6672385818900002 34.6784495578 4.11169018298 44.201537823 2.04228700119 45.4365266637 3.90042777178 595.317936997 104.606489173 NaN NaN NaN NaN 837.925397166 470.927456914 1183.74668986 812.769074222 888.501629762 113.78004645 362.187974234 62.1937575949 119.100681154 53.8008957582
NGC4526 0 15.34616524 0.977073044694 0.0813637976119 3.74598229758 0.18590224796 66.5413587285 5.09608600556 304.88582551400003 5.89198735399 678.235044817 12.5395646436 911.044237043 35.1776618189 1192.68771358 39.2586023806 1775.55928043 136.03531049199998 2038.72452455 265.47335208 1729.03104648 145.460237275 859.179120812 26.7942419222 454.666456425 28.0766207747 329.21906209 34.3296178406 329.036818011 65.7077154448 NaN NaN NaN NaN NaN NaN NaN NaN NaN NaN NaN NaN NaN NaN 10318.2417224 1182.81026957 15608.4076283 1171.90969811 16204.5798749 1391.82941548 7938.02053784 552.600377671 3240.16313461 327.101121284 1139.14331696 163.65002049
NGC4528 0 15.63146805 0.126791592397 0.0185929850061 0.519737526102 0.0409947167569 9.70067959824 0.35883749527 41.5479158906 0.5900745177410001 79.9370731559 1.08558955206 114.344968677 1.44880528446 133.678800556 2.37263126301 203.360822292 8.49465036864 275.428472873 49.5289877433 191.278066775 14.1006611576 81.4453604065 2.82194904274 43.6134600325 2.50326173264 17.7775014406 9.27236568095 1.34124458518 12.1088484193 77.210732274 2.57477588622 48.9228878862 1.64108788743 NaN NaN NaN NaN 11.7990183602 11.6422827358 NaN NaN NaN NaN NaN NaN 10.9609619796 241.467699687 142.185771861 293.034630774 193.335249269 161.608826406 29.426120427100003 124.143765345 -11.1619396758 52.7544748592
NGC4527 0 14.12537855 5.71155209896 0.547951431534 6.3639684632 0.29083703855 40.2805091608 20.0946163509 160.829926867 6.221722015449999 329.778590966 14.8591326554 494.788130502 17.9858732629 646.904705533 73.5416805147 1024.57722042 104.778011292 1248.14810954 428.702923005 1194.01552854 268.795944427 646.363544791 25.784974921 404.314128786 27.0814246429 2191.41654804 106.922808075 3336.23790961 196.024156457 NaN NaN NaN NaN NaN NaN NaN NaN NaN NaN NaN NaN NaN NaN NaN NaN 79743.087371 5802.09336262 88482.3627177 6253.02370502 46362.5240211 2558.81900837 19918.9948852 1109.39415957 7005.36601994 392.521654025
IC3509 0 16.59587928 0.0411441604355 0.0171281113021 0.205884031245 0.0226529229070999 2.07077164198 0.260156901353 5.56067649844 0.278461645202 10.0881809844 0.373424393574 14.1705346923 0.5539112290360001 16.5198472114 0.899214880076 24.765550334 3.76370186451 30.0239959817 16.4343362065 21.176705741200003 6.47539141075 8.57368539403 0.919515786953 4.59904289974 1.24151099989 -0.517483365329 4.44643390463 6.44865670733 6.947635055339999 NaN NaN 5.8176121827200005 0.919411436836 NaN NaN NaN NaN -1.63935578343 3.94195113976 NaN NaN NaN NaN NaN NaN 405.569656809 204.508002173 -196.080777803 218.059355006 36.6574406002 76.9747465129 15.8336554963 58.3689165774 15.0359219825 34.6431174828
NGC4531 0 15.06606974 0.669906985747 0.0859596753379 1.98297565387 0.149727146954 16.239882480800002 2.17928261252 62.59737337600001 1.42484763268 116.849799329 1.99088502008 163.81588110299998 4.52159889571 189.077148122 7.52440437994 252.022115347 38.8369494586 234.269304837 131.82935014 244.410475056 47.3365847584 118.616542202 4.23845559022 58.847476839 3.947787591730001 55.347310719 15.9627734597 19.326067752 32.5783939748 NaN NaN NaN NaN NaN NaN NaN NaN NaN NaN NaN NaN NaN NaN NaN NaN 1008.06092935 818.991535346 4052.9250228 1000.4477276799998 2132.71269008 353.456416419 1046.8103171 226.73633509 403.016179496 109.187524334
NGC4532 0 11.11731737 12.4488871559 0.56483014169 18.147612626900003 0.500174623214 33.1389164847 2.76392512528 61.8914597209 1.88092222695 84.80778072880001 2.8085809317100003 102.176300061 5.9289778663 99.6414899522 9.8433839736 102.786871642 32.5010706898 139.28170826299998 100.79361044 150.900312852 59.925302380000005 79.3934629206 5.541926715 47.5427004344 14.6896678903 261.42051319 15.8751364846 781.856876044 51.1598070973 82.140374828 3.53294284096 49.3415892323 2.62821756633 42.8004577536 9.04998475879 236.674358165 9.00684659513 NaN NaN NaN NaN NaN NaN NaN NaN 19092.7024403 1842.80454668 15950.5111626 1544.45517807 7468.41935408 439.590393106 3394.77874071 253.489047159 1350.63290336 99.7036678006
NGC4535 0 14.92795314 27.2711065951 1.63591395543 37.3273130122 1.08164331308 107.873026852 6.54135823046 299.453744156 16.308861161 481.510179254 15.0640258133 658.993172044 34.955352164000004 739.946237093 63.1683251852 1026.93371344 144.60224330900002 2392.75476683 809.139635749 1195.77201035 281.181718921 522.374665095 17.513168747199998 315.300474552 44.6309588193 1292.19095046 89.8433683141 1732.59002906 222.696048085 502.374725361 16.805622053799997 342.031195334 12.6384847342 NaN NaN NaN NaN NaN NaN NaN NaN NaN NaN 17706.2902725 3809.95180461 37754.2947818 3052.2468871 58160.788509900005 6451.5900744 33634.1016756 1960.97445652 15339.0242527 1057.84123229 5700.4961325 485.462274072
NGC4536 0 14.52110623 16.1493088297 1.1432769147600002 22.3125419251 0.651902267114 57.3459856484 6.9525505483 186.306182614 5.35917553572 310.539973205 12.72240928 417.125752852 14.2018604965 510.11691059200007 80.23926886219999 731.219654211 134.287336912 898.147668431 518.611850775 711.8064387239999 233.652037778 401.047749947 14.3706971683 234.027658285 16.7683025609 1463.01766093 72.6888860608 3419.79309595 197.097263853 421.302149763 12.9704213736 292.84401999100004 8.951767039269999 568.912930107 19.1407339201 1258.56444768 39.3028359911 3506.8548053100003 175.471719175 28233.6413706 2849.90945963 NaN NaN 40101.6132728 3084.71575134 58200.1265809 4167.08495477 56098.7076962 4025.07818912 26824.0332127 1499.06396158 12075.4520724 686.0708170089999 4738.50493335 288.114136935
IC3517 0 15.77611103 0.4689442528449999 0.0260524566766 0.6373232728089999 0.0289897945197 1.95117096825 0.333558226111 3.56821285753 0.201500534753 6.04018808026 0.391076594565 7.42014319086 0.636822998571 7.512192728860001 1.74766443644 12.9293646006 4.5849930652 -12.5587976056 16.906926477200003 4.247682763719999 7.70428289867 4.09380496367 0.668353477678 3.22781794487 1.45257021147 2.53497337103 4.62287579403 -0.565821982055 8.60852963058 4.5398552071900005 0.770259222666 3.0112142577000003 0.692485454996 NaN NaN NaN NaN NaN NaN NaN NaN NaN NaN 26.2190828035 299.553154409 232.794004933 112.89799398 63.1944609211 118.638618677 316.37741894 66.5874060715 188.411097216 64.2515145749 73.0310509383 26.8344025413
IC3518 0 13.76297105 0.0310772069853 0.0162615798649 0.1693872786079999 0.028596540164 -0.0258846470355 0.477413895553 5.85795269834 0.361976868575 10.6154866821 0.934623536205 13.9352429428 1.11325866709 14.8440713447 1.9905069345 5.13268284966 8.67140843315 -3.3877299290700003 34.176088272 10.99628974 13.9547088413 8.72367736084 1.050301707 3.9824641845 1.88817334085 2.77088865207 6.88078259734 -6.57260692229 10.3879395369 NaN NaN NaN NaN NaN NaN NaN NaN -5.06063962595 6.41608394714 NaN NaN NaN NaN NaN NaN -417.14428976 290.396786611 108.420284771 304.854832126 135.532023606 86.5640527068 112.281186983 72.1856804 77.80548822239999 33.7451385048
IC3521 0 17.21868817 0.926623040931 0.0442516856344 1.64362692435 0.057633494259 5.16090482068 0.411587524284 15.9118124015 0.308740823656 27.9318426456 0.634590886444 37.0044610717 1.05005214994 42.1004448136 2.07398332205 59.0269676587 6.70947385081 91.9292866089 27.8959646365 53.1038154361 11.7312878146 28.7781636497 1.16977871932 15.3628586518 1.5388477711500002 60.7141413063 4.11885336631 135.16175883600002 11.7135452315 28.0186049622 1.5593924165900002 18.9142503287 1.37456540348 NaN NaN NaN NaN NaN NaN NaN NaN NaN NaN 1143.81023303 339.535299086 1929.43444199 475.230582077 3368.8141434 596.750653764 1578.35674911 145.04325609900002 691.077260746 79.0247887158 238.105741034 48.3311288019
NGC4550 0 15.27566112 0.419685769603 0.0293192338871 1.2094851414 0.0460685083493 12.5910273682 0.773329025056 58.2198606129 0.925246817448 111.772730245 1.49944397533 157.569227929 2.45687650232 188.129107104 2.99844356586 244.454305489 13.0183893175 298.671378444 40.4070418516 223.630667635 17.1518646711 112.736536097 3.48364688366 59.4474446761 4.46974602556 12.1300115025 11.6956911872 -0.455140752945 20.5476991598 108.211021194 3.45574734405 67.8478577396 2.53823118041 44.9783082049 4.3401158932 10.944846998 7.78024185815 21.7602312083 3.79323371866 344.285981415 103.57420116 NaN NaN NaN NaN 1005.16109667 467.624728093 1037.48491246 448.953256941 347.572224822 160.554030006 164.921835883 114.984110711 78.2592157781 60.346998561
NGC4562 0 11.06622948 0.894798298899 0.0466938848414 1.39227435195 0.0577441956889 4.41855291939 1.07052335601 13.7952962347 0.835480865952 22.1155762669 0.789778790264 28.1032233797 1.28912424226 32.7825197326 3.04407595214 34.7862897268 7.1674254914 72.8518292617 27.031953033 37.6515485807 12.1733637551 17.0747877584 1.47050610844 10.1520301395 1.65094602847 15.9550773448 2.98948381714 16.841988517 7.87384197436 17.893069975200003 0.8442462557729999 11.9349591394 0.734594040469 10.0873696867 4.54498553506 16.704265518 1.2884854903999998 21.7090287885 10.7091997184 81.81150653419999 209.675169068 956.571819391 5208.01254526 NaN NaN NaN NaN NaN NaN 931.99441612 134.189861081 684.976477437 97.6665393645 368.296400785 63.133753998500005
NGC4551 0 16.06942467 0.0978263053732 0.0270749108685999 0.455695771783 0.0344514711468 7.46055555145 0.489367118352 41.5607455872 0.5615360143000001 83.0650954468 1.13954521413 119.866057967 2.07620318419 145.69872882599998 2.84340482619 212.780734466 9.61293332213 225.909188139 33.1848960345 186.095388961 13.3637689675 96.8116958759 3.1412340705400004 51.6142811332 3.52416854658 15.8267444629 8.83551257461 -16.9986936799 14.2641942646 NaN NaN 60.7744231886 2.76057710092 NaN NaN 27.8682242444 2.91850187045 7.13281218286 5.14607931066 -17.1928633049 149.912537097 73.01062394889999 108.518115712 NaN NaN 148.224142678 378.729711967 -95.0433361349 395.922275302 55.6933358366 127.694357058 18.2000222937 94.8890401886 30.9037480255 54.1592733868
NGC4552 0 15.70363163 2.4603708978900003 0.209571285911 5.87097254757 0.356592196645 76.4632050089 4.93549252616 375.178122707 9.26715302754 750.753818104 12.032128407 1080.25272414 19.3316606136 1450.85426147 34.2865659367 1800.53972809 88.5677889895 3453.7577407 609.730338256 2111.4790838 228.993628563 901.034402511 30.0288363951 496.847045013 53.938949291 318.7449884 95.0269957207 162.014270858 186.802872693 NaN NaN NaN NaN NaN NaN -105.726492057 41.494703874 NaN NaN NaN NaN NaN NaN NaN NaN 2678.89789163 2984.5933606 1159.55205857 3080.0172290200003 1170.8435976 1254.4209617 933.433887424 849.808195264 419.892022325 456.165522221
PGC041994 0 42.26690078 0.110892966301 0.015208606798 0.1268989898199999 0.0215945665784 -0.1348056322459999 0.204064898362 0.227300883556 0.224703204264 0.518036428145 0.335177859918 -0.110745382341 0.5440710644850001 0.665875421989 1.32985929581 5.9182792457 4.358123877940001 0.707853691378 9.64460032519 -2.74851025357 5.22905001903 0.483413861351 0.561931996892 -0.7322236672879999 0.957104849396 -0.7804084652209999 2.68693803813 -1.90740191775 4.9492640104 NaN NaN NaN NaN NaN NaN NaN NaN -1.66972630892 2.91557020834 NaN NaN NaN NaN NaN NaN 232.020211671 310.28269883400003 333.229174671 394.169230832 -60.4309865759 93.6809688266 -42.6305908678 62.64010089829999 -26.052304487 37.3702201294
NGC4561 0 23.7683989 7.011936003740001 0.3168652360039999 8.594118857980002 0.235705946259 14.9971901214 0.523021760929 34.226233919600006 0.50879927496 47.6884163615 0.7248640876 54.0423903679 1.19004514274 61.7950221526 3.27469904265 83.7978444556 7.972966122010001 60.402327188600005 37.3646339981 56.7047173093 15.0886373344 31.1967498907 1.43151721132 19.8686580617 1.38700860452 33.3557431249 3.09938196479 80.8546763693 8.31030061565 32.4241032915 1.40742103923 22.6569461046 1.12118506198 19.5374291934 4.76239692299 39.7041527749 2.28741994221 80.50551819649999 5.98869435553 1637.28321195 225.042081274 NaN NaN NaN NaN 2061.77379216 1257.15701649 1540.83019074 716.68762212 1599.57602062 178.086395043 829.6265259359999 108.319014736 324.397744761 51.076979391
NGC4565 0 12.0781322 9.77729801679 0.44051625238 16.4038158207 0.713833050179 130.52678468000002 61.7568424888 389.270645447 36.331188153 772.215124945 35.6089704338 1133.56024253 111.979008808 1477.63513077 12.8762535982 2469.42635251 290.505745421 3065.18451067 198.789663652 3021.2212366500003 480.524516499 1507.06517515 45.4344751731 861.89132789 29.4202549943 1574.58441161 80.2221580283 1786.35265256 101.509580181 NaN NaN NaN NaN NaN NaN 1812.89653525 54.77461995429999 1129.59537268 56.7955909242 NaN NaN 93183.5858406 11186.5583129 NaN NaN NaN NaN NaN NaN 60317.7228629 3323.1177439800003 30787.696120300003 1703.51458856 12652.278744 701.131722356
NGC4564 0 15.63146805 0.420873359354 0.0853545660686 1.39592418439 0.0784754179021 19.8203746574 1.83225771569 93.6306438503 2.11437936381 185.573634439 2.39732348356 305.11737346 6.50507910407 331.11791932700004 9.02198901297 482.511568395 54.6111293986 662.300114356 167.05091582699998 465.638007126 84.7489015523 217.789547894 6.87407445345 120.046315299 13.9730088291 56.789015627 40.3241418089 7.22732466462 47.7423788056 NaN NaN 128.339720117 4.342226568979999 NaN NaN NaN NaN NaN NaN NaN NaN -150.93664850899998 18.1123978211 NaN NaN 623.762477524 1059.80161932 314.361003272 1110.90531341 -135.275268261 496.077797087 -42.5931491018 278.38638377 19.5283896956 125.836074514
PGC042068 0 7.52 0.38178556627 0.0252043634778 0.691430933716 0.0334135239592 2.63568992516 0.404620275581 7.49373284765 0.386009454196 12.3355590114 0.446876139262 16.037998192 0.929599382374 17.2676873589 1.58633891596 26.6599919321 4.82166125497 66.600602794 15.29232024 20.4465565286 7.27475957453 9.1044160496 0.8152391185229999 4.77428674257 1.63202506605 0.284066171872 2.62762532349 3.60921572403 6.523944574570001 9.62039875186 0.686916446776 6.5752297116500005 0.614229727502 NaN NaN NaN NaN 1.35357212109 2.93831543385 NaN NaN NaN NaN NaN NaN -180.117588434 238.09595843 -82.53135586559999 203.655663164 41.7551948094 68.2520605842 25.016047517 60.2356419094 4.9071416077 37.5480229456
NGC4569 0 11.85769727 5.41425130116 0.411975516749 18.6527679056 0.579149232101 108.138301031 19.3584043376 425.134912802 7.20118637626 703.549171888 9.66461793621 980.788213306 24.9351399728 1136.06433015 39.2783831838 1648.03556115 132.725115048 2107.90332105 751.436454433 1727.65020182 275.37566707 768.540123454 24.3255736401 482.208694454 49.4344318561 919.106469234 88.2004788886 1448.61848826 151.910920315 743.243968152 22.5456891372 487.122742206 14.8661619531 417.101877959 21.441078715600003 944.37876588 62.4908261434 1396.928213 70.322096118 11737.8219332 1218.93785182 38042.480648 4647.690417729999 14850.6718259 1749.21008858 33837.8837351 2765.32298472 40013.2588343 2962.01994405 20625.247218 1883.53482109 8484.07767758 896.80283806 3009.01360506 352.966334411
NGC4570 0 16.90439714 0.369141647034 0.0510831017983 1.44136810714 0.0985349913215 25.1208709867 2.47034763612 115.538178718 2.00939097353 235.074417494 3.23260022026 336.853930327 4.20517117516 430.896796006 7.976070354379999 615.43357824 43.3148287172 702.793989248 163.394555237 575.507504046 56.525712613 270.916373514 9.15455233602 142.522021568 7.25354593784 53.7915130434 14.7626345853 29.7706234263 20.171542842 NaN NaN 161.89587179400002 4.9274215491 NaN NaN NaN NaN NaN NaN NaN NaN NaN NaN NaN NaN 664.788083408 2140.9452442700003 -1817.41168283 2119.73290128 355.238755702 170.148649591 199.662220262 150.11495692 131.163666462 91.336808226
IC3586 0 16.36815573 0.0280508096969 0.0184235662781 0.340796419442 0.0434953303444 1.85478305882 0.476877321067 9.44457698218 0.473800436301 15.686937039499998 0.660961091022 20.4013680024 1.3379372189199998 26.0652466173 3.03544421113 28.3624190727 7.31231499422 42.4598059355 23.4877049782 17.0205037628 10.8310747259 13.3495245363 1.23080620348 7.816312283639999 3.01953763789 -1.60779578856 6.24962230765 8.690339374079999 12.7124916485 NaN NaN 9.36110883961 3.16595251921 NaN NaN NaN NaN 3.79389076461 8.054288679039999 NaN NaN NaN NaN NaN NaN 220.822265634 445.850740709 -213.384176682 405.905865919 180.840469017 113.233820882 145.49735585500002 85.049495628 100.495439678 45.3496365211
PGC042147 0 13.87220098 0.0312695710649 0.0122222980463 0.0926426523663 0.0155136284787 0.322041574828 0.204892683031 1.32801164345 0.246322575934 2.06386632091 0.365861144486 2.55725459197 0.864654777855 3.69152992999 1.27273745525 6.63890749797 4.99913941502 -6.92753338166 11.9129115512 -0.381463174511 8.0488003061 2.21293412202 0.6809497785849999 1.1998422011599998 0.909698193885 -2.43438082706 3.49693126543 5.65841110041 10.6109606686 NaN NaN NaN NaN NaN NaN NaN NaN -1.24098879055 3.50145892469 NaN NaN NaN NaN NaN NaN 115.924249594 266.401051762 -483.780836554 242.299343361 49.8978201285 72.47805798739999 57.425249381 65.4749979738 31.6765239439 29.6219201159
NGC4578 0 16.14359237 0.335747641815 0.206904512159 1.0165208252 0.077154095018 15.985199375100002 1.01922648524 68.7320803553 1.42337895905 132.363697106 2.76224481264 190.57670619 2.31955497571 232.119000203 5.10869648167 318.334918463 21.4003937868 368.207143779 79.2305938287 325.113158935 31.396517924300003 141.855387208 4.81618735343 73.3282157838 4.01078600924 25.7771882289 6.70780978883 -2.25312897605 19.8667753628 138.756545633 5.52737174007 86.70846573 3.61578582914 NaN NaN -0.769841581163 3.23099454757 21.9061957738 4.71274347077 NaN NaN NaN NaN NaN NaN -774.382702067 1589.36307074 -312.01756016400003 1288.08094934 205.675635484 141.696150413 123.685183314 130.652094399 97.695306701 92.0656205402
PGC042160 0 16.06942467 1.88296123733 0.0871389829326 2.25575153372 0.0668500000009 4.07113327241 0.665325038225 9.11258786386 0.320479467357 13.1202172637 0.493399649195 16.0779227986 0.752366528003 18.2481079839 2.13867309839 31.4415210989 7.07326317631 21.1560676257 26.099042216500003 10.2988313869 10.4092143754 7.41631761224 0.813290520178 5.78519892917 0.938538448725 6.85789534014 2.65897291267 16.5695588762 5.950704952770001 9.01150311976 0.818777475621 6.613480147890001 0.833443565721 NaN NaN NaN NaN NaN NaN NaN NaN NaN NaN NaN NaN 1012.75426924 400.098446838 303.797729811 287.406765272 351.306678353 77.6687916783 220.754159119 69.6349782103 78.3216288836 35.0611519934
NGC4579 0 19.95263191 6.4498466511 0.304872922821 13.1662857155 0.387604175793 96.1866220856 1.78488744254 405.819961926 3.7254009639 767.272563742 7.39150717341 1109.4079502 12.0858383238 1265.7127828 13.8752140121 1696.59632185 42.5947967027 1992.93404026 194.455262725 1479.68378508 59.8654522898 896.329819413 27.6015620784 485.412473223 21.6062971778 1051.10777899 73.94403990480001 1077.41353896 112.711292196 NaN NaN NaN NaN NaN NaN NaN NaN NaN NaN NaN NaN NaN NaN 19322.9657043 3966.94676027 23069.9589749 5830.30683907 32973.135316700005 6902.982544410001 21214.3305742 2420.2610564 9266.12341479 1295.29344216 3241.62816832 493.328197061
UGC07795 0 12.88248533 1.64664991853 0.0751705876378 1.82273730131 0.0661155422577999 2.41046300862 0.3441492187709999 4.375096703330001 0.331396363877 5.45268204009 0.393161640027 6.2184034539 1.32680874326 6.75359956264 2.46144588737 -0.156556671989 7.897546486 6.52241950505 20.6695428246 -1.31988490479 8.89266575855 3.02585844899 1.26061738816 1.21066646874 1.45831297775 7.16315519412 4.169898190820001 -4.927539807850001 6.67058507072 4.34836346288 0.7815052879759999 2.91337352472 0.678756172682 NaN NaN NaN NaN 4.29903792256 15.0718551161 NaN NaN NaN NaN NaN NaN 233.529340546 423.308566141 379.616718748 385.684302202 205.310255248 72.7921109736 152.011903882 63.5532594503 72.819296481 34.9795562704
NGC4580 0 18.96705388 0.852032321136 0.0444688200961 2.33236875688 0.0751352458511 12.9280381995 0.7454732708540001 48.0596637873 0.588734843677 91.2365519053 1.26133849548 129.852949322 1.5955196484999998 154.795054747 3.34060806915 227.799135395 10.5308794185 239.115207639 15.4821417012 210.057497929 17.4513531044 105.731511063 3.38236905199 60.7851231574 2.59523454132 124.167280105 7.6396246953 157.180008113 15.6106517397 104.840727963 3.55837752332 68.9254609455 2.25994433758 37.0588372691 5.03490577706 127.354995791 4.45740477287 152.48317129 9.01563991154 2060.36944759 225.363914958 NaN NaN NaN NaN 4445.73129312 1431.94902011 6921.18844993 2152.01770785 4282.82942012 257.546182087 1983.92781326 135.37052005700002 716.984414932 66.1004428336
NGC4584 0 13.89950847 0.2671913823769999 0.0220694388807 0.7793023422319999 0.0380803774902 4.58299697235 0.591306618431 17.7808895623 0.323378524127 29.8822526852 0.515562565243 40.189533141000005 1.1708315022 43.1258495396 1.6615845447400002 58.5000166868 7.90749441626 66.68555178849999 23.0026041921 47.9341029281 10.225138648100002 25.1755525424 1.28794910178 11.855075661 1.7490185412 26.177338454500003 5.03532754374 37.1762026475 11.8723476664 25.9449774522 1.01220400715 17.624186920699998 0.845280176655 NaN NaN NaN NaN 31.2070519507 6.78749291814 NaN NaN 954.277998353 195.540637984 NaN NaN 0.420368705265 715.049468771 1274.75760501 688.734944519 650.257904726 112.270643368 312.271917573 64.0235675878 113.190872417 54.8973306034
UGC07802 0 20.51161224 0.558193857804 0.037844193791 0.854337965659 0.04594387898 2.32646703049 0.518756509021 7.07166413825 0.3211399868439999 11.3981669759 0.586249148423 15.671392657199998 0.940676276194 14.5245374593 1.55916887459 27.1666342735 8.085798083459999 43.544041927 31.7705781504 36.501523396 14.137036322 9.94500849482 1.55981595589 7.11716876173 2.38147408006 11.6096412374 3.44189229046 15.7293810879 8.889396007799999 9.38684764496 1.24454665706 6.439653734609999 0.999313404708 NaN NaN NaN NaN NaN NaN NaN NaN NaN NaN NaN NaN 927.344774015 534.643197466 582.1426017370001 509.26311787 477.743979418 108.927952691 226.382782401 105.742670726 97.5768938026 61.2899048987
NGC4586 0 13.06171416 0.55234464957 0.60972442463 1.14567613211 0.08587470868 12.6282721884 2.97988409443 55.3216447845 2.56478547843 108.180594076 1.87984921511 162.922544776 4.073715052960001 196.937625218 14.9275743709 302.24161479400004 60.8595197045 369.80468864 40.215495419 311.634165407 77.1646091594 131.272218756 4.39754718683 69.4050929489 4.80218103233 70.4792071519 8.97201322882 48.3717977323 16.543304040000002 NaN NaN NaN NaN NaN NaN NaN NaN NaN NaN NaN NaN NaN NaN NaN NaN 1038.3917733 1011.18368495 2786.49991998 704.022753396 2188.90519083 152.71239475000002 1003.36894096 196.819127312 433.164933715 38.5328167628
IC3611 0 44.37465866 0.508427953338 0.152984217833 1.0507344548 0.0349420414268 3.432334705 0.709148237619 10.6698299467 0.416019509046 16.218581099300003 0.4976456316429999 20.6600103749 0.6612166408179999 20.756893119 2.58482653341 21.903800336 5.198549357 33.3513469632 20.206503905 24.688263854 11.0876236768 11.9954276583 1.06850461566 8.091824549990001 1.60105332495 6.37851289163 5.81356650582 10.2903472053 8.549596598759999 12.3853447923 0.85720393702 8.400129741679999 0.850311509344 NaN NaN NaN NaN NaN NaN NaN NaN NaN NaN NaN NaN 78.7846372393 486.259704762 409.869298604 407.247129786 356.036093507 108.075049176 243.347699114 75.66495506400001 129.793981398 36.2539641986
NGC4591 0 43.45097585 1.09257202307 0.10818394109 1.63344816758 0.0559188974064 5.03430266834 1.09915144571 15.4817038664 0.32306861129 27.346214739 0.835603853568 37.0386303905 0.882337764883 44.5599158823 2.91636723193 62.9364356823 7.98350197926 66.15566105869999 12.8496428446 55.7067058172 8.023054562310001 30.4766285279 1.44334684422 17.602794337 1.28497131913 49.04945483 3.89268563875 73.8341569522 9.06177966393 29.9185361136 1.19313327337 19.621676323 0.8747170010199999 NaN NaN NaN NaN NaN NaN NaN NaN NaN NaN NaN NaN 1588.39856191 568.45238693 2756.29198661 655.366018916 1554.19716971 120.070048074 791.7024273870001 96.6175227687 326.322871878 35.301019561100006
IC3631 0 42.8 0.912564005152 0.0529804088486 0.958573054685 0.0430175133845 3.26016388932 0.300593103066 11.8131412673 0.349377771452 18.0998619272 0.456962976626 24.4431056242 0.800233141734 24.3596094542 1.31023558086 37.921521127 3.79221386646 48.6970463109 11.5003747307 29.4971683973 6.78552553928 13.4398503884 0.748815559754 5.74057289532 0.998759621463 4.31265665947 4.08102835682 -4.55024556837 13.9534527762 13.2190476412 0.714544477885 8.83768278961 0.574564628159 NaN NaN NaN NaN NaN NaN NaN NaN NaN NaN NaN NaN 389.836537865 294.495234607 17.8613924684 467.592761815 60.5786185698 69.5506653098 16.8150831466 59.1374702328 5.72724815856 24.1662431732
NGC4595 0 15.70363163 3.85090297686 0.24453274327 5.2550226567700005 0.145314605135 13.1926013693 0.468359162808 35.1158355877 0.425584921105 49.847869197200005 0.794307214728 60.6767858596 1.4421306191499998 67.1351238563 2.47783675165 70.6359450576 6.99937796177 45.5145787056 24.9068621575 46.3826681716 12.9252927946 38.4914207234 1.38465396599 24.5493587708 2.24587961953 90.7449412942 5.77440849541 113.980881523 10.127777631 37.6930348588 1.82019020667 25.8692427617 1.3137540818 NaN NaN NaN NaN NaN NaN NaN NaN NaN NaN NaN NaN 3658.88551065 738.79961358 3905.50726388 684.127124773 2467.42863775 190.192690633 1132.37141108 124.049168762 407.27361462 49.5725575261
NGC4606 0 12.53141318 0.272871920038 0.0465636739589 1.69909471599 0.0734482373256 12.228748578 1.23832603772 48.2087653565 1.30564981018 83.19658309159999 1.74247106882 115.739164126 3.23205873205 131.202744264 8.563250816770001 190.961017991 32.2045711979 197.112686698 89.1787046798 179.00992415 52.619373907100005 93.0959095972 3.16754166509 49.7452570246 4.49998061902 82.5272761717 13.3469609495 100.274597662 21.422787513 77.28115354539999 2.5446843205 52.5101762558 1.83258567771 2.93915942397 6.20100217038 92.7964948952 4.07489545685 87.8157121612 5.25583435141 1196.17464117 145.527581496 2739.73972085 640.755305666 NaN NaN 3625.20212592 733.449277367 2525.32216484 1057.51760959 1602.04566692 256.229458392 699.81592522 177.73035131100002 263.28922040000003 119.926796612
NGC4607 0 19.95263191 0.299633796995 0.0450455696632 0.703606169951 0.0514516256132 6.27851130917 0.84448905983 18.7412112771 0.899289389302 35.6079114606 1.50227167862 52.4397931958 2.05071934554 62.2401114124 6.4655630568 105.714723263 29.0316799509 207.645068403 73.5715033991 150.09500670600002 53.4761307112 63.97496420859999 3.04536462957 45.8697785467 3.7490183437 198.726905458 13.5840405241 303.307043564 22.5860350892 65.440665114 2.1935558633 47.2968339444 1.80024555575 85.6408124766 7.84670087409 233.442521481 7.55878743958 268.979785239 13.8217471722 4293.09174766 433.243490117 9466.94601349 1160.01320342 NaN NaN 8730.778952530001 797.960974557 10360.0031884 937.550077401 5473.92551855 352.303863724 2317.85326899 171.783044401 854.823818979 107.323411648
NGC4625 0 8.2 5.41793800658 0.25159796141 7.40546492274 0.216904527457 18.7125866638 0.842628617688 39.0815874704 0.569051977105 61.8369103375 1.33787625728 75.32990024569999 2.20302785021 111.352012216 5.33178662767 136.258290268 11.9633667138 109.07513402 41.5345006797 78.1316779464 17.257941483 51.5772719097 4.38965733871 25.855512067 4.2191979256600005 128.847016262 9.41004496483 153.407850026 23.014203773 NaN NaN NaN NaN NaN NaN NaN NaN 128.720118413 16.7966008258 NaN NaN NaN NaN 2407.98238139 2435.2866059 1638.72054442 2320.64382389 4661.16139612 2253.49592595 2605.18182212 332.922255725 1398.19081775 295.397851269 607.188076828 151.85606212800002
NGC4630 0 15.77611103 2.9369182857 0.146809084541 4.35287861011 0.122678313633 10.8312939586 1.86572337403 33.9534558474 3.3100919311 57.5095736272 4.339902936190001 73.3110462978 4.10925869581 81.3860847512 6.5495160309500005 95.382374271 21.457819092 38.7268768085 75.74101203480001 63.6691860385 52.07923811 53.0011173732 2.33270918224 29.8404987617 2.30567906367 153.790552909 8.76173255411 284.903988839 24.2691159321 53.6857791835 2.82256745666 36.4161002491 2.02418696409 63.6111813368 3.96962796882 174.454818355 5.55716773975 294.204686522 15.0443503209 NaN NaN NaN NaN NaN NaN 5075.82687946 729.994652406 5768.99378028 1283.30135606 3816.10051362 224.997682817 1666.08920649 169.328929096 584.143033237 56.5292546316
NGC4633 0 16.29295632 1.80497338644 0.0855498612579999 2.71443421874 0.0784182606955 6.8918126840200005 0.776377205722 16.154806334200003 0.338333572525 24.6189485778 0.618583957873 31.6387776035 1.14605921072 35.8603947524 3.47461529861 48.156060118700005 6.78156989681 35.8066306134 22.5572453665 36.3619652484 11.9143471458 18.9527289246 1.2783659512 10.2365793499 2.39955593215 32.2841485935 6.48237258198 66.9827883091 15.7860030127 18.5845848998 1.15103906536 12.5935487603 0.98209879045 NaN NaN 28.4481611658 1.9665400242 NaN NaN NaN NaN NaN NaN NaN NaN 1140.15190487 458.879888505 2323.1498446200003 550.304559998 1541.05613916 152.832948742 879.518953459 93.3775532315 382.275561369 50.7234514843
NGC4639 0 25.35130278 6.19726270639 0.282650195371 8.34480163694 0.231553884678 19.1053432372 0.675165564911 66.84499171520001 0.8696259111839999 114.003275104 1.33229678076 154.987713215 2.13828592582 176.835868219 4.494881250490001 220.380181332 18.3846509797 275.472699725 75.7947736534 213.941654479 38.6971969822 116.478674028 3.71962834856 67.02282932509999 3.96240070668 138.13315691600002 10.2279558474 159.65495891199998 23.1729325847 114.212919406 3.63665751133 76.1018801442 2.52100905449 54.5548889126 3.05867501279 164.18300649600002 5.00083789527 163.155446925 9.2617810705 NaN NaN NaN NaN NaN NaN 6410.20507256 1024.4299642 6833.134249129999 789.5244099829999 4055.25177055 289.54674742 2008.6558448 176.424912602 799.925442855 70.3926396257
NGC4651 0 23.22737735 11.371586538 0.513108557637 17.0752969055 0.478841554772 60.9607011481 1.19663764766 155.92288331199998 1.40636272731 266.203207092 2.49681445702 353.55434018 2.96202608692 412.869766406 5.568706007159999 655.7354442510001 17.1123710054 872.905231956 37.6960408457 600.95138618 19.0349919547 267.429155195 8.334505321 147.93615292599998 7.953841214570001 548.75727523 30.2683514828 623.316513822 51.7597216666 276.377864357 8.56297803124 181.464715441 5.864362412469999 256.488541729 32.198808308800004 573.8698437610001 17.972132812799998 NaN NaN NaN NaN NaN NaN NaN NaN 17834.6619047 3317.72540625 22860.2770398 2827.68084309 12318.7028584 702.605835535 5482.762516430001 348.808592794 2268.13037023 160.722024213
NGC4656 0 5.248077829 86.36385550380001 3.9045471286 89.94884134729999 2.44202625396 102.599546684 16.2282546673 190.346568035 12.7830355257 208.306988426 20.8906550061 220.55567422 31.6228416492 155.86092075399998 112.924968095 270.758963348 472.574775315 195.052532597 241.801608359 181.665144342 515.76379793 92.1409757691 7.413636711520001 61.786106567 10.8756802314 120.733258852 11.1218130377 487.985152633 85.83403719549999 106.235209007 3.81605679646 91.4699119056 4.420704403009999 23.4500816701 16.5249614684 89.5955022791 6.46252005854 330.54385526500005 19.9830785096 NaN NaN NaN NaN NaN NaN 9044.33127276 2249.36758475 NaN NaN 6593.04863756 446.04052966 5197.62144886 778.4656740190001 1258.69068616 135.883874923
NGC4660 0 14.85935407 0.463533747037 0.0540830207339999 1.42828789484 0.0703668847625 20.1403354471 1.49088354172 86.5442399448 0.980144091615 168.943633622 1.529015405 237.560538037 2.18797167835 289.25594595800004 4.07422254345 417.03835948 17.745686819499998 472.870616058 54.4268313366 366.308840808 28.4385495558 183.93838363 5.52069205405 96.9496069853 4.07340233296 35.8876131554 5.7332632262 24.0960846347 13.6749254724 NaN NaN NaN NaN -57.3363305117 15.4829565577 NaN NaN 25.5958826246 4.86572035282 -72.4017828239 139.663330322 NaN NaN NaN NaN -201.462915983 1522.59058391 -77.4086944094 2064.23647847 97.9910607522 169.332226541 14.1989632604 175.245371014 10.8676014728 62.799994103
IC3718 0 6.79 0.271620397969 0.0360761740647 0.8336142284829999 0.0387998550184999 4.38549370606 0.44817885896 14.4211105617 0.519763372837 22.5103615313 0.723790154563 28.7459809021 1.30854353045 33.5322139926 2.9819597139900003 52.106165933700005 12.346115285 62.72412756450001 37.9902347434 44.927301433100006 20.5430682747 14.7931509827 1.3042904019 7.91725310883 1.68471494145 2.40080421465 5.55904245105 -10.4538306457 9.40667965766 14.5920629625 1.34464352964 9.98546097228 1.46042367199 NaN NaN NaN NaN 3.55402930801 4.9672019963 135.026248663 96.26596855 2095.00883725 619.7839365110001 NaN NaN 90.6988697509 535.93838964 -129.838412051 564.252391549 200.023926562 98.1554742052 111.564693599 93.7295673096 38.841033313 34.6843317425
NGC4666 0 14.58814376 6.26759072146 0.283982761798 10.5808960223 0.293550018521 43.9401421826 0.934233015823 150.292572825 1.31375692905 293.642590422 2.46701611231 426.369976352 3.31382617538 549.596483466 5.09923922493 930.383497667 17.3607055727 1180.91890652 28.8369648769 1027.22894462 23.0849686304 619.801812331 18.2136276621 392.961622079 15.5581872199 2751.1736597100003 127.772263088 3396.25127031 193.742993048 648.01193346 19.536296524 449.604311236 13.6214718361 NaN NaN NaN NaN NaN NaN NaN NaN NaN NaN NaN NaN 105207.193853 7669.73459401 107675.123946 7773.04289727 50906.7832086 2803.75619311 20503.7712399 1142.16650916 6964.12332348 392.013463748
NGC4668 0 15.55965317 3.28738952555 0.1509741855269999 4.58011326043 0.129321291656 8.599796583769999 0.6764453986819999 19.4314547433 0.7555654398689999 27.7773787743 1.29083244799 32.96762296639999 1.69447231457 35.615709938500004 3.03490543292 45.1894431055 7.493931950809999 67.3103451162 17.2592436571 34.0336715776 14.8851435008 21.5215436363 1.97691382579 15.4164203398 5.08540032168 36.4964596309 11.2673432551 50.4923289296 21.947534837400003 20.7293209778 1.11159075402 15.0728227147 1.2144049650600002 NaN NaN NaN NaN NaN NaN NaN NaN NaN NaN NaN NaN 429.057461287 477.879777202 1088.28016812 1006.57481124 1455.8412712 166.176144956 765.831472239 106.022613177 353.428360997 52.2494035819
PGC091228 0 19.7 0.306212727923 0.0255015432197 0.205847783038 0.0394827615526999 0.509830678162 0.375114217718 0.857260507915 0.292734820103 1.09260633466 0.453257961149 0.866424192497 0.991073859864 1.17031748746 1.73340949635 1.02047700499 6.1345661824 -6.7750551662500005 8.10225960921 -2.4350590966100003 6.3879834433 2.67753350005 3.07181336835 1.15130107906 0.969325014107 -0.640370042249 2.27460451725 4.18874835969 5.48153609014 1.98473095711 0.900445570484 1.6610690218900002 0.915772885567 NaN NaN NaN NaN NaN NaN NaN NaN NaN NaN NaN NaN 282.194812453 410.18142947 -203.558680361 339.449094003 47.6293818878 76.34618335260001 49.4012761368 71.805536457 56.1573224616 40.4311876625
NGC4684 0 13.36595293 1.23888897514 0.140319651048 2.68870472134 0.126490856167 19.4197333898 0.914505146012 75.1043356165 0.946262390066 142.392018471 1.6277796127600002 201.822371801 3.13712827946 243.021252695 4.61479893242 357.573201984 12.7957870997 394.382803163 29.4598728353 307.207066104 39.2454622486 148.364337989 4.62739247931 86.14350673140001 3.84394345784 63.8710053928 5.56470353191 249.415362503 19.2850038736 137.82733231 4.58700216085 NaN NaN NaN NaN NaN NaN NaN NaN NaN NaN NaN NaN NaN NaN 3156.48500851 836.620245295 156.96413678000002 790.065076536 730.2543262959999 86.8318214669 352.54849142 71.59323021770001 161.428597045 37.4653267499
NGC4688 0 17.1 8.94708159934 0.412989412698 9.99621048292 0.28237274526 18.0325865168 1.2555033446 35.5612230492 1.58637328789 48.0305653524 2.38140758071 52.8088306205 3.70727384949 56.335494558300006 8.08330133609 93.5143697701 27.0147458861 357.658624079 102.565147636 157.565294225 38.4447514811 28.5369724529 4.33916864284 14.4936476178 15.3166508683 130.147447178 20.4741148701 171.110527236 95.6315536347 30.4236683464 3.14394516152 19.2565343558 1.82310419612 6.536777573459999 13.970025598 68.85661534820001 3.3192920062 161.506081238 13.4229692519 NaN NaN NaN NaN NaN NaN 3926.17111475 1294.95454341 1929.39181781 2743.8883143 2227.37007307 274.352563231 1295.66855124 208.657445146 643.439670889 108.240998674
NGC4698 0 21.87762393 2.2371093226 0.118166939381 4.35892743797 0.205143982955 84.0921964169 4.502555919510001 289.249393792 3.65352041892 350.596305574 5.67841166718 518.883151614 7.2501509194 677.5514047559999 14.6445600695 962.957815992 23.7169176658 1039.48141631 42.1158428811 673.929450539 36.4221434883 363.709807695 11.9784609802 192.143939404 8.35066474528 144.757456519 19.9285468797 117.23678471 44.2109494879 NaN NaN NaN NaN NaN NaN NaN NaN NaN NaN NaN NaN NaN NaN NaN NaN 5162.58558084 5484.94676148 4595.08034458 5517.44781463 4910.17737735 481.937814344 2442.60535468 261.540928836 1066.5387763 179.456844082
NGC4701 0 17.06081894 NaN NaN 11.3746451729 0.312609059628 21.3081053573 1.40251730504 43.3562520948 1.41868148957 60.902333351 1.42487968582 68.475881992 5.04259411493 77.7517796765 6.4082551184600005 99.5767426419 25.0481260015 117.357578465 61.1504508902 108.204208894 56.893711564 50.8587053675 4.159217776669999 29.549302346700003 4.00259071034 94.4484599282 109.17961049 243.811057363 103.410139696 46.3183406767 2.33034604805 30.8507215841 2.03262519773 77.31898322890001 4.3865118271600005 209.878690286 6.92396352038 240.557067797 14.3879861393 NaN NaN NaN NaN NaN NaN 7040.65259721 1019.96165207 8237.92290222 1459.60769509 3817.40759103 271.077145521 1909.36000479 149.843985962 862.686336244 96.3162257578
NGC4710 0 10.86426253 0.594087006381 0.0334570492245999 2.20302871058 0.0710339158424 27.2870615115 0.548832627209 131.63086739 1.62786967806 245.185661657 2.02355024826 364.103300421 2.6817787845 439.716090572 21.1814297807 662.470355911 16.477633427799997 935.451735871 33.4190101256 723.810719445 18.2779978843 350.903076258 10.634683014399998 178.854690657 6.39684974443 246.135243095 12.7493933172 398.050449521 25.4538662822 306.667594248 9.31321952148 202.05406178 6.19947190703 NaN NaN NaN NaN NaN NaN NaN NaN NaN NaN NaN NaN 13471.6917541 1710.9311678200002 14845.0389842 1692.58255831 7327.37254123 449.006169654 3261.92288226 250.55635488 1104.21221782 101.981141627
UGC07982 0 19.23091374 0.499593875674 0.0381640232114 0.891262964548 0.0719574575858 4.50344595393 0.8191764583490001 17.6659935821 0.645388939152 30.9678322541 0.7699484678959999 44.5006881449 1.80995464384 51.0592551974 3.47276706828 69.1640122208 15.3770526673 122.924271676 47.3242015711 61.5152095039 27.9016149173 35.7859135129 2.47555275087 17.9865001436 3.07468749188 72.9674810349 85.5741704109 33.6592287428 134.46231306299998 37.0171597021 1.63289892073 24.80572347 1.08090206508 NaN NaN NaN NaN NaN NaN NaN NaN NaN NaN NaN NaN 935.575859487 509.803256739 1832.63474174 510.341508828 1774.68740182 204.115757226 910.963794485 148.238368878 333.54386548 78.51145396780001
NGC4713 0 14.65547468 14.4762459486 0.655507139772 19.3319376412 0.531643416918 34.058207946900005 1.70040298019 69.5800711225 2.44912930709 92.0412808616 3.80713022531 108.8813179 3.28331159685 111.34456061 7.61414154187 108.84088022 35.319518768500004 59.9482452168 99.6465107927 73.31981459500001 53.2806319155 70.9325676125 3.10935700519 45.4815275375 8.01496264312 258.84194109500004 23.7435258203 443.052983697 66.7697531238 74.7030162527 3.84662492145 45.0891527285 2.18877735836 130.761058769 9.84537031998 288.418080293 9.84390344858 NaN NaN NaN NaN NaN NaN NaN NaN 9937.47135158 1404.59124364 9821.02172822 1623.87642626 6933.59018548 474.365386295 3227.06215899 209.275204046 1226.29249512 101.013310749
NGC4725 0 12.0781322 26.0180062254 1.280400805 29.6798148259 0.851843500973 142.24710340800002 7.27057080877 528.128763892 5.54794743857 966.133757536 10.3892823823 1426.08529025 16.6086483407 1729.4291628 35.7661836253 2398.27002355 80.8670934739 3243.2277142000003 396.375369959 2381.39110654 115.130927549 1113.05548548 33.4897863702 600.888021513 22.8364841296 943.720467775 53.0211407684 898.311984901 74.78278435089999 NaN NaN NaN NaN NaN NaN -85.5622985223 135.49800951 NaN NaN NaN NaN NaN NaN 9179.57181775 4406.82959048 29604.593749 3694.93071556 47130.241109 4273.96649569 31499.7977908 1833.23759588 15958.5837137 995.645757396 6556.021917659999 514.976877399
UGC07991 0 20.41737676 0.283752226193 0.0215546962091 0.57385009856 0.0451443980888 2.0765515903700003 0.3343081804869999 7.55489511504 0.38471370691 13.8654984647 0.361017818775 19.7529595865 0.8250427546169999 24.4924581463 3.0223604010000003 23.1267427933 10.5712891322 41.8462097035 41.3629983304 36.8247871506 19.3997954813 14.5363704035 3.32497384045 5.01465561508 4.85474604765 12.8870698173 7.03884075929 2.6172537577100004 12.5239482992 13.9590062231 0.938173833548 10.0645141169 0.646206883616 NaN NaN NaN NaN NaN NaN NaN NaN NaN NaN NaN NaN -185.296052895 506.901467225 1402.71483681 583.6415338420001 694.2389711 80.1279576558 402.7981888270001 54.9673769252 187.640628551 33.7509712099
NGC4736 0 4.385304166 66.0525573474 2.98253212499 99.8929267711 2.72298799275 516.690215992 8.92927876035 1819.54753703 15.6348621861 3282.4972454500003 27.1428348903 4653.385274599999 36.7618839622 5669.78523152 53.2811132778 6491.45255402 130.777054166 10459.8788969 314.567709229 6341.56785439 192.087451261 3645.43127783 106.368090316 2057.96090101 71.2998388661 5023.8837135700005 232.054246201 6012.252401219999 343.36964311500003 NaN NaN NaN NaN NaN NaN NaN NaN 5278.479415569999 272.931072368 NaN NaN NaN NaN 123308.228372 12879.9822781 166436.609992 16302.8241471 149582.61773199998 15159.4865949 64531.029641 3747.06095427 26047.1408137 1729.59734348 9515.49715079 621.329955153
NGC4747 0 12.3 2.31873086898 0.333951087193 3.61794861244 0.134062193961 9.8165400552 5.46014511405 38.4266805261 1.6753409823 61.5927500781 1.87721145971 75.52375207540001 5.25589942277 93.9147115768 17.5786638358 90.774593326 63.0957063886 -1.26525109667 216.42271969 15.6439200176 102.432707011 59.7936095603 3.54350647802 33.260523118 2.88509279283 114.178252711 7.352797488539999 224.162153855 22.7756673276 56.110242161 1.95536174435 38.518297706 2.0298211201900003 90.584584176 4.45393659258 129.49574908399998 13.1526908082 NaN NaN NaN NaN NaN NaN NaN NaN 4678.95698153 945.773197468 5425.094128119999 1002.25821467 3682.81806651 280.028314809 1912.38084862 207.132607218 766.691394059 145.683238332
NGC4746 0 30.61963864 1.90525090205 0.127236188539 2.9942814492 0.094777181753 9.57450356289 0.482662589032 24.9701917715 0.5414608726760001 43.856128879100005 0.690113369411 57.4953949576 1.0137408585399998 68.83889908590001 3.00587756657 91.7355392512 11.9087539291 139.165842743 50.2656930555 113.359810677 20.6053379049 72.4148762045 2.45522068439 46.5806340948 2.64768101946 308.859489228 14.8986567727 473.203392886 28.1064826991 73.0299298436 2.53430864116 51.2876935703 1.84224297623 NaN NaN NaN NaN NaN NaN NaN NaN NaN NaN NaN NaN 13364.0014292 1106.0522193 13591.9092555 1099.92023892 6562.44115537 392.81310866 2818.0156206700003 197.724214455 1059.74914994 80.1353051233
NGC4754 0 15.99558015 0.464530456113 0.0438193520796999 1.64761576134 0.0905430208500999 31.953384794500003 0.685839267319 148.641808756 1.43238647507 300.847159249 2.54156490713 441.547512087 3.42176138228 543.3772974870001 6.264963615339999 816.67669943 18.2169275199 918.272970622 25.0010757317 747.6036238219999 21.8578484329 360.325939326 10.6628931183 191.287628601 7.01628995624 64.8769828084 8.53870975397 40.659620134 21.9949171696 NaN NaN NaN NaN NaN NaN NaN NaN 39.5220956943 8.72089466435 NaN NaN NaN NaN NaN NaN -1078.92098433 1627.73839601 2884.20641801 2076.31154629 534.162505606 436.404989334 343.041684829 220.86291053500003 176.05958948 89.7705186851
NGC4753 0 19.95263191 1.1834808462100002 0.276309354883 5.54083157553 0.386159719863 68.49560105459999 27.8308876654 330.889270493 7.167730254179999 649.432693177 14.6919722547 952.618272571 20.481016715000003 1183.70228809 67.9045463201 1598.79381774 170.853620339 1803.7105701 276.009335183 1754.10959024 439.956236676 803.660198814 33.1382424612 443.358589018 17.4387398209 379.210833586 103.566672241 152.84495987 329.250817184 752.146432757 22.839737849 463.315628127 14.4781529475 NaN NaN NaN NaN NaN NaN NaN NaN NaN NaN NaN NaN 11789.4176115 4703.5640451 14470.5656948 3169.14310136 7387.41296133 517.3877084200001 3299.08933333 382.607635318 1004.09682022 174.7243748
NGC4758 0 13.48963238 1.44352076801 0.1156913624359999 1.61349427428 0.0646380980231 7.95056946227 1.49625430756 21.9380116913 1.5985238672000002 37.7081352766 1.59128097246 49.6439925493 3.14780368185 59.5758496706 5.39519048018 81.2416032338 16.4696232612 135.427037379 64.37594803420001 76.8028487999 25.4943513279 41.5918124552 1.91146754756 26.2335202845 1.91676703731 68.9394234328 7.2435221869 104.656147826 12.9480289423 37.1903896403 1.70370634877 NaN NaN NaN NaN NaN NaN NaN NaN NaN NaN NaN NaN NaN NaN 3317.0963925 604.269565371 2891.93023416 568.073094664 2831.01929659 237.13351579 1509.99545865 130.801227678 670.6236469920001 62.563977841
NGC4765 0 15.44 5.55775626811 0.2544649791659999 7.06274414384 0.197046141063 12.4693135423 0.3206826545089999 25.2963756981 0.377037581069 33.7774069355 0.687302899364 38.7970257974 1.0218090742 40.2132936665 2.22247920252 48.0624976635 6.78153878136 52.138269690600005 15.1409805406 38.7200402626 7.794498433339999 21.9031965733 1.08104252571 13.6882239554 2.51204105044 70.0677855754 5.82997085516 194.71849572 32.5034619728 23.4469435378 1.22765733405 16.1979124845 0.999919745255 34.8327229458 1.86517231013 71.0371836403 2.64994837681 186.70332225 11.6329557251 NaN NaN NaN NaN 2864.30025752 371.539908453 4466.03182598 481.939827224 4234.23302718 576.109764424 1934.98153046 136.173006793 800.2001798890001 90.4264559111 283.715781859 43.696464298600006
NGC4771 0 17.94734399 1.61306269114 0.0774809794171999 2.79376735606 0.0912292185559 11.4751438128 0.872896375364 42.0943470016 0.663979883099 76.4126225647 1.28377277385 108.203325936 4.033712448999999 125.653032764 4.42939078029 199.707159521 18.8879488975 233.372470146 46.4398104982 180.162792459 28.8442684083 87.425505637 5.6210009281 47.742747983600005 9.30457218499 144.29959863 28.8223599784 149.40173091399998 37.0799152403 87.9341036105 3.61570225111 59.7337330663 2.3475440352400003 NaN NaN NaN NaN NaN NaN NaN NaN NaN NaN NaN NaN 4458.75239538 676.557548392 7003.74954864 729.820291642 4604.266359730001 291.680212028 2283.45240486 144.13362558100002 912.306280362 83.3739993221
NGC4772 0 27.28976968 1.17876306523 0.0892338375535 2.38515092764 0.173967457571 23.7166595708 0.578807194911 92.5820714969 2.07671920526 179.92361561299998 1.9719487851 257.192901338 6.15445326992 309.557102547 8.34548518507 422.163557145 86.6689414247 447.576871935 135.104807966 381.811491071 17.6010284607 192.179059108 7.97075751983 103.965331803 8.53903608162 102.694758671 44.9402544019 54.4964202405 74.0305907946 NaN NaN NaN NaN NaN NaN NaN NaN NaN NaN NaN NaN NaN NaN NaN NaN 2260.35950599 1757.23364392 3023.5858007 1729.65103599 2870.80851835 237.64384861 1457.69115764 148.120400406 608.357282573 82.6411131522
NGC4779 0 38.90452817 3.19622879078 0.201982051853 4.89443004684 0.144274099615 11.3192508797 0.420211751455 30.7641762697 0.4557658007669999 48.6543099148 0.642585475531 62.2089948551 1.20010790515 72.6417829929 3.19601741718 85.5493600253 7.46329621094 99.718365532 17.2176644284 90.8233342808 12.8968912087 46.5875608867 1.59830923109 28.7457450257 1.57627784402 122.527771031 7.19040951145 251.468998643 16.3313709852 46.9068459903 1.65123887377 31.5423676937 1.20808481273 NaN NaN NaN NaN NaN NaN NaN NaN NaN NaN NaN NaN 4015.82475554 838.4374930710001 3726.76631591 764.7662017020001 2925.62601089 200.925109431 1422.25959543 103.558580107 547.838830412 46.6312337169
NGC4789A 0 4.036453433 3.8207228505 0.175716939679 4.14669051799 0.1238752358959999 6.29361757022 1.00281072798 12.5574081175 1.72843415581 16.0123195436 1.13702771047 22.8903210532 1.5308171016 21.7906354504 6.31091395071 10.6021449757 17.8586719764 34.2093683494 62.0232856194 22.4935425356 30.8320676819 9.9818775708 1.75996036534 5.77049740336 2.51014515592 9.39773080413 7.4905829015 27.9836903485 12.9987679848 NaN NaN NaN NaN NaN NaN NaN NaN 15.0696438435 3.33930817583 NaN NaN NaN NaN -355.000999748 389.880230428 799.60338836 492.524809721 434.999479821 297.633549817 498.242776123 181.836632104 377.579969827 144.95705398799998 166.127150719 92.2903607329
NGC4793 0 26.7916816 4.23218853587 0.191885623389 7.146269119439999 0.1951397605039999 20.6799601329 0.523623971386 54.6749298547 0.56671710858 89.1346619619 1.09310661452 118.010182409 1.52074012168 129.646152756 3.63113655682 190.50961792 6.57968591585 214.953563535 17.919080546 189.178664183 10.8093918066 121.414206828 3.71297575535 83.103161849 3.12740722816 723.152299565 33.487171891 1253.84171215 70.8614067611 128.84456637300002 4.03265989232 91.6140156514 2.87247926593 304.534042536 9.2150659859 857.781164022 25.9236416067 NaN NaN NaN NaN NaN NaN NaN NaN 27355.781663 2041.61744502 29279.2355839 2140.17193353 12741.4060608 708.188186123 5181.39585473 294.317158345 1800.38725305 115.669751658
NGC4791 0 41.02949208 0.5412911107130001 0.0352163724782 0.405331673218 0.0485653212403 0.851508747733 0.28075863067 5.66555220009 0.335932134878 9.43042700037 0.403455975669 12.6044403093 1.0869071864 14.2811443114 1.23209403248 20.6160285899 7.120987056090001 34.9992275737 11.5775401479 20.5597654524 6.76001653392 10.1453894614 0.648266540524 6.2064870026 1.25177717305 12.374850149199998 2.13101872239 13.2229806072 5.96229366001 9.87108674976 1.3579789706999998 6.58746343281 0.6959609931890001 NaN NaN NaN NaN NaN NaN NaN NaN NaN NaN NaN NaN 610.508188214 459.610933823 1077.32624343 504.792782493 357.99479217500004 87.0425958438 139.473866729 64.8687418349 40.1850702526 31.9461648753
UGC08032 0 13.87220098 0.665682060352 0.0638686969181 0.311147925023 0.0368600710382 3.26421614211 1.0809420708100002 13.633918961 0.6731810432499999 25.510203455200003 0.9678231091 36.5847053117 1.68197055607 45.8931614786 3.13827210584 56.6188181112 13.67853424 78.4731192494 41.2387455664 56.6794540562 23.5306510609 27.8799227852 1.66547995068 18.2163196328 2.67129586506 28.6725742862 4.3051059263 35.873324973100004 10.6547206376 NaN NaN NaN NaN NaN NaN NaN NaN NaN NaN NaN NaN NaN NaN NaN NaN 1309.84723119 520.7490803080001 1030.06473148 490.680718828 903.319382503 155.02460914099998 404.454435869 121.920992135 147.754619716 64.032947795
NGC4795 0 44.67504096 0.83095108464 0.0656415269462999 0.7917119939549999 0.0909893653253 8.078284818639998 1.08597285431 43.5935091866 1.72215161562 83.35471382419999 1.4456749798 119.84600747 4.38928773229 141.284839159 4.2061564808 193.927024126 15.2795932593 203.820537678 51.2174528084 210.378882682 24.5604991399 101.271733618 3.46149768624 58.7967521242 4.17227750992 21.988087801600003 6.09361174055 15.8313920393 12.4671896983 88.2520963194 2.95830218081 55.6242013252 2.23068635232 NaN NaN NaN NaN NaN NaN NaN NaN NaN NaN NaN NaN 327.78841464100003 932.564175313 418.9212455760001 898.102282246 194.123051133 200.395189977 183.969479642 146.258627094 119.623807917 83.93251398369999
UGC08042 0 42.88640087 0.840818691822 0.0516674486283999 0.7968119690950001 0.0462446143808 0.696179152966 0.5858539246950001 3.69343530565 0.27910795802 5.8176239263100005 0.482344564192 8.03033567013 0.7674386371059999 5.20623675453 2.0309280539800003 7.07148668561 8.44702827326 24.7404246286 18.096908257 12.8092326295 10.2565966208 5.21229284347 0.705989087573 1.14756041179 1.21032771294 3.24414419232 2.41539981979 4.52191145865 7.04184696577 5.0288896192 2.54342959715 3.59731945678 1.33505727092 NaN NaN NaN NaN NaN NaN NaN NaN NaN NaN NaN NaN 511.075992728 461.289866537 783.116111373 505.736457947 334.41677044700003 105.374796689 209.383452522 64.59366889190001 98.3583148114 45.317724080400005
NGC4799 0 44.19716002 0.737124341407 0.0432893560783 1.26612508831 0.0523041937412 5.3238542834 0.377823143604 18.4347165899 0.567484486801 34.1350746806 0.5578904173770001 50.9516820457 1.1357840809 64.98102749659999 2.85641049123 97.9473138052 5.98915418961 135.655340568 21.3260887161 119.045832355 13.5417928512 49.6091628375 2.04614517592 29.284551203 1.74777236462 92.0462467574 8.864214021890001 113.389326852 21.4753385358 49.1569117175 1.78542542641 33.433372796 1.56706933472 NaN NaN NaN NaN NaN NaN NaN NaN NaN NaN NaN NaN 3603.6287005 457.812294327 4018.90041998 593.058258263 2208.16482632 150.03422065499998 1038.71325758 99.2111011102 415.745383999 37.2520011735
NGC4808 0 17.4582065 7.38942505425 0.3408381154859999 10.1640974346 0.289684271155 24.0093721995 0.8448076025110001 58.0450689464 1.31779938415 88.09629491609999 1.34585054054 109.66955435 3.3053798619 124.43156075 6.05314258797 176.765260534 19.3442627129 175.38648365 72.198254815 159.891941736 61.1038278107 96.543798145 4.31839226404 53.049148832 26.0932011794 459.662511008 31.3087373313 619.108681716 154.961170221 93.9520283906 3.47625270326 70.58270351409999 2.26556819867 168.79653690400002 6.883118184480001 490.50961643 15.0115400488 647.483351816 32.6915657282 9092.50293413 911.948838574 18011.8113119 2162.4492380300003 NaN NaN 17268.0172966 1363.8663716899998 18708.7778985 1703.45701803 9219.21153755 533.29464382 4076.78917461 258.358785165 1506.90248897 135.686629656
NGC4826 0 4.405549177 13.6682181386 2.09279266277 33.993670737 1.00451412468 296.785148978 4.79901438511 1145.15972112 9.77935182173 2081.95774078 17.167407885899998 2979.29515401 21.5698390868 3499.67308138 31.3598138396 4878.30202413 90.1031984381 6260.89412296 177.00773417099998 4968.24355588 111.886095205 2520.34705462 73.5162218519 1361.4379214300002 51.1640830862 2020.98959437 106.693961592 2685.53220634 172.942512961 NaN NaN NaN NaN NaN NaN NaN NaN 2498.35900932 129.50998351500002 NaN NaN NaN NaN 61432.2580312 4921.21086632 96279.2447362 7784.29719131 95353.3035848 7752.95252533 40296.8211094 2360.38691987 16621.0630556 1144.9453541300002 5893.84776339 511.682871547
PGC044532 0 9.954057496 15.484997807 0.698780730707 15.6086220719 0.446499311326 24.1616415994 3.46835711961 40.2244508385 1.98628910811 47.094570621200006 5.08192329347 46.8556463156 8.97169563066 44.9759180156 3.21586445972 30.7419022612 36.9489460485 -134.635285149 118.144031857 -32.8724358999 42.7292022472 29.7532722431 4.34859753123 6.4038353718 4.20560727794 19.0916472628 8.061333419039999 369.489889129 26.0839666333 NaN NaN NaN NaN NaN NaN -49.5805603988 4.63777595804 39.7675632732 9.4139114683 NaN NaN NaN NaN 3566.5314051600003 1147.46093131 1109.6504918300002 920.201555655 2850.81536507 677.771918591 1170.6398147 266.87597722400005 660.829907391 214.404479078 302.478998272 133.547516577
NGC4866 0 29.64832223 1.27734163421 0.0889656089888999 1.76887817704 0.101939889658 19.3047491395 1.60376160216 88.09751152839999 2.51288105923 178.12525823299998 3.74774631682 265.537800853 5.2803013919 337.737628595 12.1042622782 498.103325224 20.1864084789 605.06654114 74.99092727040001 507.602112543 47.9615874026 229.990241016 7.16109700996 122.529941925 4.76757007282 53.099112787 7.24531081827 29.0489025511 14.7033461681 213.04670687 6.47578725307 135.773591609 4.12870240034 NaN NaN NaN NaN NaN NaN NaN NaN NaN NaN NaN NaN -214.257204746 670.192815525 1229.64164785 590.8486784290001 1345.3491498100002 207.682452379 794.4836129519999 179.661948562 330.742729411 112.035202668
NGC4904 0 16.51961552 3.95146698207 0.179184044414 6.48629652156 0.185246390303 17.5277890658 0.548438631101 48.526401013900006 0.540881371839 76.5928350678 0.913398777671 95.6263061497 1.54587266789 110.531703545 3.73454495066 165.71269732599998 10.2662854596 205.843657759 42.4816772903 138.250773705 22.0455159319 69.3110657883 2.59703059731 42.6181654757 2.24397831313 197.193436167 9.7237452955 297.486556753 19.2424258628 66.8274960954 2.13109628297 46.615870168 1.9726742565 NaN NaN NaN NaN NaN NaN NaN NaN NaN NaN NaN NaN 6531.38462962 847.02286912 7097.14878908 785.26048816 4609.29795509 279.513729973 2074.19795028 139.68270045699998 806.681675123 55.5647204969
UGC08181 0 16.52102676 0.631297585803 0.0339365011197 0.589215460877 0.0339195411353 1.34785972187 0.813533554766 3.0414164667500003 0.2407819815279999 4.4967415774 0.312242800411 5.53778129907 0.625084276207 3.5921985334100004 1.60576238899 14.2095736977 5.05998572864 11.4281695506 16.5652355058 9.49848270763 6.589182539189999 3.1688226796800003 0.692082985668 1.47706514773 0.719363935578 0.591450984794 1.90281326544 1.17418072748 5.51068170576 3.32473658746 1.44137546005 2.47481330255 0.79986979013 NaN NaN NaN NaN NaN NaN NaN NaN NaN NaN NaN NaN 79.11453980370001 474.534671838 -72.7146887353 363.593110217 44.9211982834 66.6773760634 53.5409481447 67.5876623914 14.6720183785 41.031865221
NGC4961 0 36.98280433 2.74733041814 0.1251187269399999 3.69056290289 0.106493400112 8.18544650058 0.880414279711 17.200374797200002 0.554570319079 24.1816899067 1.22067066075 29.5297558253 1.10623569662 27.9642066789 2.90760384961 41.1618111286 7.34869487749 103.29748128 18.5828374712 45.2330590316 9.33806200422 19.4660943891 1.2393705472399998 11.26201538 1.2923867491099998 74.24442424499999 6.17813706546 100.284669108 9.63693498285 20.417578 1.2822868885 14.6329632328 1.02646135707 NaN NaN NaN NaN NaN NaN NaN NaN NaN NaN NaN NaN 3474.62235324 824.0868440170001 4199.706059370001 750.8021093640001 2007.05672092 154.433555462 962.214370828 99.2829801673 372.049608761 59.6739965352
UGC08201 0 4.83058819 7.35328893503 0.34610067943 7.60070073114 0.215409269582 13.1846299748 1.34351008863 26.2378450605 1.07881809443 31.6525853636 1.1392184539 35.5637391672 3.95924805482 29.3155536506 6.43682554947 10.4614251728 27.5514176068 -72.2848543693 67.4315321049 -14.1057976644 28.9698395648 14.5806058475 2.51344459521 4.779869823419999 2.07227334269 2.53729996871 3.95643795638 8.35039457075 9.03080812428 NaN NaN NaN NaN NaN NaN NaN NaN 10.3605748457 3.5221151047 NaN NaN NaN NaN -527.9727442410001 646.4764225179999 796.241855054 591.744310454 397.127395252 405.026185937 263.66506453200003 157.121706064 254.355951725 137.295397678 157.37815045699998 80.4248507042
UGC08246 0 21.08629891 3.29930951752 0.154848229699 3.26962313521 0.12401349784 5.245296036 3.44228035262 9.98520980308 0.946631331978 13.198140725 1.5658273378799998 14.9703846307 4.03232271133 15.2814070944 5.6965954640000005 26.4587363753 29.543655606 32.3032494905 121.038048895 15.0402384877 45.8259698007 9.7095879926 1.88489705627 5.1640040776400005 1.98043081309 2.21228284439 6.86087347607 8.89303483323 11.4827849839 NaN NaN NaN NaN NaN NaN NaN NaN NaN NaN NaN NaN NaN NaN NaN NaN 319.370009854 1015.52171368 348.424676785 873.391719969 837.974960701 173.506033274 544.6952895779999 137.692792546 206.616960934 85.4633351782
NGC5014 0 6.397351783 1.13971887693 0.054310196903 1.65836559367 0.051326715768 6.45795026851 0.233901719516 19.8978517246 0.251305066308 32.580126066 0.409448554974 43.7007879477 0.77876880478 50.0357346183 1.42985112461 64.3059651197 6.57963744466 105.913589876 17.277564349000002 62.5397785447 8.04447085858 35.1975991362 1.32005080129 21.5017640807 1.04620284591 102.64855347 5.11205967624 203.448206853 12.9340205905 35.4114791224 1.29535118218 24.5701805633 1.13127492727 63.537769201900005 2.4916195055 122.518023969 4.09693681369 NaN NaN NaN NaN NaN NaN NaN NaN 4593.62701726 785.4837772320001 3949.7031957 547.49757227 1797.3322324 129.477767685 770.512925573 78.4615264279 279.454251778 44.0041522458
NGC5016 0 46.34473105 3.57246599036 0.161914373234 4.64172308539 0.133611441646 11.1429051646 0.358118037658 29.6165917969 0.474236491355 47.550527424 0.705982440651 60.9232010041 1.02245796409 67.2930444419 2.63436395637 87.7821754546 7.4735676937 129.827675063 37.4846350921 80.9312000817 16.431064291000002 47.3350097662 1.77343601078 25.4920611791 1.4903594505800002 122.921181224 10.7876631332 147.533608784 12.6959114878 46.5674555593 1.58146735542 31.4953230113 1.41648788528 NaN NaN NaN NaN NaN NaN NaN NaN NaN NaN NaN NaN 3954.47442953 813.150996485 5657.775748829999 718.37430226 2678.99002858 190.947830014 1121.74679787 104.884165467 418.101901852 58.0523782761
NGC5023 0 6.576575947 4.89898924502 0.236851056088 7.332361801139999 0.219815926838 18.4413694867 2.73274551641 42.5502641874 3.50237166452 62.1792429767 2.92935971988 75.2500385536 5.30155125456 70.95671848010001 7.54012406232 52.692387179 37.3433120306 46.8542335901 86.2812335987 8.48329997449 71.0718075539 43.9136266375 3.20883639686 20.9967077031 3.05842238726 26.9097635642 9.99334672938 37.4984016546 18.5561391653 45.2333168176 1.80220707475 30.782258777600003 1.29395077137 16.4741276982 3.15992675274 23.4792576824 1.50530634593 54.2296376846 11.7528840455 NaN NaN NaN NaN NaN NaN 2607.53343388 552.148714301 2465.59654882 455.452482194 1653.20268398 274.266459575 1099.17445992 212.678502272 522.1352598149999 131.260087511
NGC5055 0 9.036501563 39.6086426855 1.80630900324 69.4418252024 1.93293900063 432.923392392 12.2639984648 1099.48395858 13.922082986 1974.00622164 20.5510543711 2885.254008 30.218686588 3341.2277524 69.4869952007 4418.749702270001 124.139382242 6649.72527828 579.948964962 4884.57419777 281.723787769 2414.68902665 71.2082625343 1392.68780748 51.099049846700005 5751.30140103 266.598771097 6420.30132006 371.925274566 NaN NaN NaN NaN NaN NaN NaN NaN 5411.02116338 285.884141971 NaN NaN NaN NaN 104922.293662 13188.7363098 166088.83061399998 19633.6644801 265509.848473 23596.1948786 147228.38104900002 8221.385200069999 66596.3928849 3774.30555691 24261.7673089 1446.79540645
UGC08333 0 21.4782938 0.649370383168 0.0355369265472 0.727270983793 0.0430431272512 1.84107845227 0.679069744632 3.46111084402 0.232564983284 5.42878956733 0.357375339075 8.05599954964 0.795068626247 6.859554467710001 1.29527851806 11.6941136194 4.87527018666 4.21939948172 16.8451579008 7.967655096239999 8.88364324286 3.4789082119300003 0.792533349814 2.6830043637100003 0.952525571111 5.76047451415 1.91146390777 4.18522587036 7.07531949739 5.2524073630100006 1.02820268319 NaN NaN 3.17448311903 0.649563929054 NaN NaN NaN NaN NaN NaN NaN NaN NaN NaN -298.997945095 596.436728725 51.3168102515 460.896445069 219.14351805 85.4522381218 181.724479831 73.12569235 96.7500453286 41.7275682095
NGC5116 0 41.68692736 1.14698161868 0.13871659057 1.73925784959 0.0558404577663 6.6419914503 0.749745662478 18.2962097367 0.627248516761 32.4030826276 0.7326226677559999 43.4389752713 0.7949116100429999 52.4789212157 1.52280317239 72.2769196535 5.14432086666 87.8981540734 23.6093213138 76.86909329699999 10.4413529815 38.6580624113 1.3143953011899998 22.0663512238 1.35047011722 76.9107107235 4.36747554417 107.178946637 8.70499862447 38.3343353822 3.21411565108 26.2178187963 1.52659338317 NaN NaN NaN NaN NaN NaN NaN NaN NaN NaN NaN NaN 3234.49991094 768.471569764 4130.729007020001 722.1168992319999 2428.78858605 184.586821148 1155.09011128 103.647912137 406.048318252 44.5890192582
NGC5117 0 33.72872139 2.1811239594700003 0.135388575244 2.72664381624 0.0837057822694 5.146638557679999 0.4287962641639999 12.2767012952 0.46791281294 16.617782622 0.420950498104 20.1335853493 1.02603128386 21.362224099 2.00223152338 25.5124188498 7.17654687971 36.6654861066 20.6788058662 27.0221394999 9.82848554034 10.9223600539 1.12409756057 6.0087279782600005 1.15830013952 17.7586388608 2.45430409099 22.089774091800003 6.63813939245 14.6161385743 1.0822084722 8.52594824684 0.70624177818 NaN NaN NaN NaN NaN NaN NaN NaN NaN NaN NaN NaN 580.129638545 610.792604603 1738.32653221 588.673142224 847.449074884 127.87982362 507.44758645 97.7189145143 217.860185062 53.3883724317
NGC5145 0 52.9663416 1.20567290138 0.149879924941 1.3587085099499998 0.0447184658068 6.45992019809 0.366405303444 20.9683781779 0.375789818026 44.2412692724 0.520699081663 63.7968763797 1.0238146647400002 81.3035248714 2.44560835863 121.825926367 6.57076894976 152.411118128 14.635623641 137.024614696 9.7374628734 76.6900898161 2.36575159769 49.5470027143 1.89303816026 358.718345163 16.6179208774 551.581909397 31.6302383307 77.0122390833 2.5404804210800003 54.2485457642 1.90629433331 NaN NaN NaN NaN NaN NaN NaN NaN NaN NaN NaN NaN 12615.6449641 1024.39922102 12170.4960502 1143.7149638 5775.12060705 333.044126392 2360.10513462 160.822392195 782.396754781 60.2855473196
NGC5147 0 21.6 8.89071709561 0.4376298574 11.7934168413 0.3208503843929999 26.4555215585 0.502647264564 61.6507719164 0.681243236874 82.57455626890001 1.01191593894 98.1455127361 2.2227878962600003 103.00424929 2.85053533002 133.08023526099998 10.2583526781 123.778874501 13.5017801355 94.2043225575 8.6035440605 58.600499333200005 2.20269982775 35.955147922600005 1.75828264574 161.562926256 7.77532811903 264.401880315 16.2227525258 57.7744517045 2.61192012321 38.9621448759 2.0121319198600003 86.63198482530001 4.18699619615 187.477412087 6.09086334584 260.389321846 14.3229764247 NaN NaN NaN NaN NaN NaN 6535.42123053 1215.81579076 7462.53036404 1087.99994978 4521.063321109999 274.055549941 2110.92860634 147.502927758 852.066925139 62.90488476019999
NGC5240 0 42.65796312 1.65338588851 0.0778241868773999 1.99882338958 0.0681297506025 6.27681846719 0.2278729381109999 18.1901280774 0.321385466019 30.8814145979 0.492362820666 40.5823745392 0.67497087135 47.2586073637 1.54851000877 62.7092915273 5.97508079439 123.986311765 27.8650837205 56.599302173 10.0530751917 27.8571112599 1.10525755556 16.9588498013 1.23958366142 33.4137838285 2.61128429074 37.5079661127 6.57355744274 30.1565962078 1.38489695303 NaN NaN NaN NaN NaN NaN 39.9390910657 4.45640557732 NaN NaN NaN NaN NaN NaN 1461.7008451 590.046631672 2425.44839188 479.695813641 1289.9920331 137.4984578 651.581598427 90.2467175053 276.994449074 44.747798267
NGC5248 0 11.96740721 17.9249982018 0.8087474837609999 24.5165813268 0.683130713981 77.2182801094 1.35708516733 236.12295608 2.43387890243 402.927329999 3.80733584797 557.3666119000001 5.624878842239999 632.326072354 8.469099530120001 835.8149784709999 34.2864730604 659.083787025 195.25080759 672.51905759 66.94173721540001 498.411464855 15.1279515959 302.913595622 11.092905945799998 1880.97222908 87.85321516350001 2685.85120525 154.688670889 NaN NaN NaN NaN NaN NaN NaN NaN 2496.95517319 125.51055581100002 NaN NaN 71582.6423887 8605.71470154 NaN NaN 63905.1619482 5658.96884786 79291.5615576 7607.231903479999 38174.9722708 2159.06152614 16321.596969200002 968.387453711 5748.61915153 357.630692472
UGC08630 0 28.97346056 2.06629965967 0.108101983615 2.46743074432 0.0852352277566 4.98483251323 0.297529357568 11.0101661909 0.369502354654 15.2589000578 0.6116325060260001 18.260906092600003 0.768727352948 21.6638575231 2.7816997446 34.0036998575 7.6740810257 64.61311627 22.6812428358 47.647990141 13.4481177984 11.1831624383 1.023368024 6.53803664502 1.20400583791 19.3148987916 2.10876565924 30.7679692274 6.91446392957 15.7502711595 1.02758962578 8.0565085698 0.962287407893 NaN NaN NaN NaN NaN NaN NaN NaN NaN NaN NaN NaN 358.554690768 641.927195701 1075.50662734 656.304730408 918.338933066 120.175508798 525.15785927 90.5143653243 189.28463805 53.3581640863
UGC08662 0 35.48135451 0.652590251312 0.0354319527722 0.6440821970139999 0.0411141988614 1.52606493259 0.239822715125 3.32402209969 0.201947590967 5.05706513532 0.309100221012 6.27720265582 0.689132654441 7.9435341287 1.27301835753 10.4436738234 3.13933004806 14.1133319698 3.7080114061 7.68693541773 3.20279185576 4.2791332582 0.657416418345 1.71664432763 0.562685419954 3.230052285 1.6703178842000002 4.41383711404 5.36190704503 4.575957911290001 0.941054850296 3.20767144737 0.6841177376400001 NaN NaN NaN NaN NaN NaN NaN NaN NaN NaN NaN NaN -378.925829331 309.15443605400003 444.056150249 315.183041876 199.887670335 75.760129339 129.923140405 64.2857338141 73.6022341548 36.360811603
NGC5273 0 17.06081894 0.260368577868 0.0402590076214 1.01587284368 0.0843249565002 13.687278693 0.805768531345 57.8487444841 0.845838101627 109.899692483 1.36869416618 151.37962973499998 1.63559793596 171.20263176 6.86586369665 250.149456423 12.8664955624 278.60944789 32.2427797197 213.859801614 23.7228527954 119.372111932 3.97859197115 65.2530217525 3.49477586792 44.131145481500006 4.45318999817 107.173754161 13.1011800919 NaN NaN 77.6417881632 3.73651203465 NaN NaN 60.1808050985 2.2178297967800003 107.136576069 9.10111211843 NaN NaN NaN NaN NaN NaN 667.866964503 2249.92844026 -706.244594058 4164.43483307 285.518038703 245.229637212 76.4745167656 172.25203078500002 -14.0892599781 84.8777933117
UGC08693 0 41.30476689 0.977205643465 0.129041675803 1.05029270982 0.0370468662259999 3.31341795688 0.305052870579 9.024292259089998 0.441996756946 14.9038972863 0.563808980084 20.9638689637 1.01629616638 19.9288214355 2.28312258569 22.9744396154 4.56947943403 38.8423535604 8.61007471182 21.4807991222 7.068071198319999 12.684957656 0.921816588036 8.40466661051 0.786926378897 22.1443851091 2.45243347953 26.8246500688 6.75321906322 15.5196578126 1.36714216495 9.78357582988 0.7273795623299999 NaN NaN NaN NaN NaN NaN NaN NaN NaN NaN NaN NaN 928.625749138 609.9851530450001 1757.19979228 527.559264418 866.7232863749999 129.360273991 498.046229976 87.47314043440001 151.543685641 43.2025674308
NGC5301 0 20.89296957 2.50688635053 0.11949600462 4.27563709313 0.124525287931 14.7616130209 1.09646660266 46.3639328581 0.875882389292 80.6090697495 1.26477707269 122.258405651 2.11003373189 141.869930256 9.19397162948 190.395303033 25.0297763427 201.500554358 65.2721024761 174.315814042 31.6162302326 106.30800826 3.3931249882900003 65.14448643690001 3.3498967578400003 244.401300647 12.8474773129 303.859734118 23.4883198349 105.888432231 3.35317313692 72.7183695695 2.26194543702 NaN NaN NaN NaN NaN NaN NaN NaN NaN NaN NaN NaN 9255.65478242 879.855711036 13356.3586107 1076.61518119 7838.68512422 459.651565202 3813.74608886 251.544120429 1546.2151578100002 123.686509865
NGC5300 0 18.45014544 7.87829495334 0.360579799503 8.23630074221 0.226617145521 20.703297298600003 0.606401243239 57.6051319095 1.11498093867 90.0417378503 1.24770217036 116.914669304 3.64879737189 125.691985565 7.042838505690001 161.785075139 15.5513070127 176.62421970600002 48.7763325524 143.253620077 22.1197015557 79.7004810822 3.37645423324 42.8830046872 2.7123848070300003 140.18454124800002 9.57823325863 167.403047368 14.0378556482 NaN NaN NaN NaN NaN NaN NaN NaN NaN NaN NaN NaN NaN NaN NaN NaN 5897.61957026 985.710912491 6983.71953344 1084.93653248 4811.5133400800005 329.229876948 2529.89083214 257.372084668 1056.07660971 86.28791185280001
UGC08756 0 30.47893089 0.35040515285 0.0376680584741 0.456698149686 0.0499379600581 3.3184859306 0.312357168135 9.21923441152 0.342377545627 18.5870012212 0.466839813838 27.631551394 0.785723883991 35.691324005800006 2.2526131886300003 44.8004727203 4.31906518927 64.0319268304 17.9730033839 49.5887857382 6.9740499009 24.5472287547 1.14287065925 12.6732077364 0.923904847766 21.7207692153 2.05932232187 21.1071252207 4.094818886870001 23.4467357083 1.18012533608 15.7601613518 0.875122059155 NaN NaN NaN NaN NaN NaN NaN NaN NaN NaN NaN NaN 335.369100775 697.533975638 700.21438774 549.125345994 625.160849707 86.5743446626 320.083326969 61.49764123 105.871351589 38.5832617738
NGC5334 0 32.62 7.96490896513 0.367981151069 9.50237485714 0.271305951615 22.8250765814 1.26007187722 63.4446151706 1.15577656662 96.4515989355 2.79395936716 126.844996287 3.8232746959 133.736330279 8.6727303549 193.202391099 24.1067610457 207.195116936 59.6237638766 155.12729158899998 60.5699061323 80.3615890359 3.66072936063 43.321811057 2.56448838851 140.685981514 11.1002457419 134.63874920900005 15.7042359484 NaN NaN NaN NaN NaN NaN NaN NaN NaN NaN NaN NaN NaN NaN NaN NaN 5285.30332359 1372.29396589 6587.67375545 890.7763393930001 5230.88861164 362.456298508 2919.64172308 254.205546464 1331.59840987 117.799979266
NGC5347 0 27.3 2.16663222595 0.122695667516 2.38969816437 0.088471892628 8.37325820229 1.55304421732 25.2903071073 1.02498087459 44.1750043828 2.55178379132 59.6518998948 1.97488371233 71.6441435284 4.6881608334 89.0951671642 14.3762161886 18.6707365068 88.0403288657 81.37150186 23.896328043 61.6772628418 2.29215238559 56.6525661326 2.2690879665700003 307.6337616 14.4026801749 873.426433784 49.540309851 61.5343692663 3.06186140422 59.9297195434 2.26114170035 122.417525647 7.61966746731 200.780642146 6.52848497019 835.107417887 45.0701772005 NaN NaN NaN NaN 1370.0070741999998 470.878659878 2163.40404484 398.032128613 2880.66621277 881.2644333100001 2201.45030691 186.746105525 1095.67650928 113.878912099 437.128917702 42.7202595833
NGC5355 0 37.65 0.302249153155 0.0283773655434 0.185014080904 0.0345482484448999 1.76727431921 0.6553437147279999 11.622040218 0.464339836466 21.0515281577 0.920438209868 29.1495843487 1.2568636092099998 29.9105536815 2.28979740256 48.3716304086 8.36634549895 57.9247816982 8.38692666687 49.3868693821 7.373852447889999 22.0935391959 1.04632778379 12.0989746395 0.7537058740020001 1.0822842713 2.52928372631 7.936935537539999 5.03905244823 22.5932784744 1.72856035034 13.5938460727 1.4477746887399998 11.7564837866 3.30438658356 7.90718295453 12.9673467958 NaN NaN NaN NaN NaN NaN -135.089840007 817.972346931 NaN NaN -44.8226984322 385.466936731 -19.8804310261 74.27704691420001 -86.33047034639999 71.9424822293 -77.26592978379999 44.2150745317
NGC5358 0 40.71545604 0.2949871800599999 0.0551568346477 0.135611502257 0.0257119628184 3.14850447536 0.404093947224 9.0121350107 0.623455838161 16.724625115600002 1.19057970402 24.1973205608 2.13661371695 30.0179554797 4.73879672082 34.0995504248 6.03379576239 49.0378810134 4.43529355627 33.817138722 5.40830049976 14.929197831500002 0.691117706128 8.42409608384 0.57218844349 -2.55659001344 3.95721904208 -1.65535249322 5.9048992055200005 16.4868976379 7.40817926676 11.2115891078 32.1225533947 12.5733935661 2.61786174277 5.34346514725 5.44831615171 -1.1463183526099998 10.9214620527 NaN NaN NaN NaN 354.973682981 257.98500856 NaN NaN 380.475297933 509.4443916130001 141.762797843 91.2923493522 124.604098687 68.57033556510001 43.8916830217 39.8370191383
NGC5348 0 15.92209245 1.40664810824 0.0776076659052 2.03148255249 0.0814848774281 5.03986498563 1.4926212346 15.3829127829 1.21335328452 25.4710823947 1.47333569716 33.1284491861 3.94573777003 35.5927911875 4.91836580792 49.1216943872 14.9173629918 51.2971779973 28.6864046827 20.9644446575 46.545623357 23.837759978 1.53723602385 13.8879923361 2.00228129062 27.6936165993 5.01542726417 52.154085799 12.1764492022 21.8081386477 1.1161489078100002 14.2761251645 0.901321836374 NaN NaN NaN NaN NaN NaN NaN NaN NaN NaN NaN NaN 1399.6948331 488.375824814 1861.84550799 578.529150535 1480.76210428 179.104660963 902.146081178 157.426780957 428.194304738 80.8622400244
NGC5356 0 19.49844428 0.45565701096 0.0409937509348 1.02473094988 0.0615509441079999 8.61189467068 2.22944844004 27.5239139367 1.01900031236 52.7483171778 1.46845789214 80.5935043938 3.36070025833 97.9123032667 5.02792889698 158.115083684 19.73988811 172.596416468 36.7428204143 181.002277462 35.3883133591 69.21479070609999 2.68338596523 40.0266718669 2.19206819246 99.8065799014 6.84840951432 96.5683056639 13.6429473291 NaN NaN NaN NaN NaN NaN NaN NaN NaN NaN NaN NaN NaN NaN NaN NaN 3656.51123343 526.71707485 5156.5542556 737.4892214710001 3833.16024458 250.121320376 1869.71676896 166.850994982 707.9826710230001 107.940492531
NGC5364 0 15.63146805 13.5430484651 0.611802778773 20.0500971058 0.553025810667 64.0538851899 1.43123808186 192.041869379 1.96524053282 306.72035380700004 3.1483775193900003 441.202574105 5.54018023886 472.784010486 6.96322006872 566.982125057 20.8138294705 600.282256195 48.2974142665 298.408049561 43.0820792721 302.661653917 9.73563246493 184.01368459 8.49359743509 619.732567931 31.4332830475 671.508217898 49.1374150783 288.722514789 10.2458679512 186.306344315 6.3673285519 NaN NaN NaN NaN NaN NaN NaN NaN NaN NaN NaN NaN 14815.4580597 5556.96461677 26542.3026719 4173.46840081 18057.0798209 1048.84924145 8691.662273060001 579.244912284 3376.84815165 276.28055271
NGC5486 0 34.24 2.52901954854 0.114871822713 3.34104462303 0.1001688299119999 6.00729001857 0.477348493136 13.2978952278 0.449135111332 17.755311518699997 0.761178904159 20.9674381024 1.35761358454 22.8177507746 1.96635105887 27.47614441 4.61236804282 29.621787441 16.7622566506 24.3038081258 9.71080158811 12.4127147921 1.23321649527 8.23838749134 0.998141848144 19.1284380015 1.91577331276 35.6930983964 6.46388561213 13.2556496474 1.34203407303 9.02317158213 0.915418752803 NaN NaN NaN NaN NaN NaN NaN NaN NaN NaN NaN NaN 1606.83568051 512.644174897 866.38202381 395.282238274 1046.2370909800002 103.318282388 566.3484311330001 75.6159973629 255.280789959 55.5510882836
IC0976 0 25.84653195 0.111473376321 0.0161659073792 0.6086879955069999 0.0288697254878 4.28910098333 0.4234390784039999 17.570027087 0.339222354012 29.6403964947 0.753583033848 39.5495489002 0.995918252689 45.6881307757 2.11137442875 54.1628348136 5.47547863365 59.6202280746 13.5783513135 53.453986068400006 9.28232779568 24.5697709704 1.10791561438 12.5935874234 0.968460160398 2.30511232549 2.48852053706 6.35314943185 7.19576046296 NaN NaN 14.5167576444 1.16683913245 NaN NaN NaN NaN NaN NaN NaN NaN NaN NaN NaN NaN 20.1610013382 530.60029089 457.020071214 477.665122038 -80.1615207851 95.4883486922 -64.8840269699 69.43868721679999 -26.5998093503 52.72937587
NGC5496 0 22.59436247 5.35989729721 0.253097009392 8.23155798652 0.256152384196 15.2876219901 1.43324747275 33.2778872254 0.623210996706 45.2315854039 1.97728371149 56.1545585114 2.51849335961 60.9900249609 4.37115489291 88.4977870038 38.9481065516 110.598253793 52.428349557900006 69.1386282037 66.1862154097 39.0666141625 2.19791893864 36.920012957 7.05025915546 45.864216429 11.3759232631 43.1770773112 33.1183833467 NaN NaN NaN NaN NaN NaN NaN NaN NaN NaN NaN NaN NaN NaN NaN NaN 3975.82443167 1383.72603432 2897.4639498700003 1310.28433735 2397.85630618 301.555708795 1283.0337147 195.142339146 577.765677437 116.947826381
NGC5529 0 44.46315135 2.15949194743 0.311481036133 2.32169823689 0.150954989332 10.6797499963 1.47015007395 37.599851502 1.62160695539 74.92274285260001 2.69271164287 119.207776648 9.33072374919 151.45788689199998 11.248080737 244.090455831 25.2556245766 268.960991735 65.5430477467 265.838931588 45.5191200564 155.382044285 5.45435422218 90.9036598627 4.45260586813 241.501945045 13.3242968723 267.472809718 25.2222050898 155.732348415 4.809891932799999 105.773815272 3.35541743513 NaN NaN NaN NaN NaN NaN NaN NaN NaN NaN NaN NaN 8938.69230067 769.65761188 12403.2868867 969.905123146 9158.84836758 581.166317848 4665.82932943 405.705727236 1869.14135018 154.128329622
NGC5560 0 20.57 1.37612144755 0.0755768453674999 2.26668738657 0.118776708091 3.40563855606 2.3736856763 16.557784008499997 0.9601463469 39.4260907439 1.5555407191 46.8110281063 3.04809425688 39.8060852411 13.4922471559 10.7034687757 26.7208527058 29.221099888 60.283878717300006 51.1894772367 33.3213407179 67.82447313990001 2.78367693193 36.4356148949 2.84600944803 121.639556481 8.52994023402 183.840184084 15.6958335898 NaN NaN 41.9595549151 4.52907963001 NaN NaN NaN NaN NaN NaN NaN NaN NaN NaN NaN NaN 5349.13540271 748.337736982 5449.660167200001 751.076154579 2973.10280404 226.500139138 1210.98168722 180.329075908 323.894883223 86.8299945002
NGC5569 0 17.37801821 1.75748428412 0.0851005927406999 2.27663956675 0.0817765841354 4.90459657442 0.569755716604 14.8560292397 0.704054541401 22.9171346328 0.680269999838 28.2531984585 1.55214278681 24.1617931432 3.49576288491 28.0211744588 7.692450500660001 28.9530356648 13.1580985798 18.4816949276 9.49483493789 19.2081857886 0.982013860514 9.06964599324 1.12400069126 12.3269253121 4.224186900219999 13.3542108933 9.04955245958 18.1216262205 1.20263120017 12.2824725967 1.18226732691 NaN NaN NaN NaN NaN NaN NaN NaN NaN NaN NaN NaN -645.8586860199999 921.771964538 480.948113568 1096.03410007 1000.79103222 136.390156028 626.9331744599999 96.3572403872 315.327404418 73.2609033605
NGC5574 0 23.65920092 0.0706295927797 0.00995493480623 0.482296099708 0.0262402034689 6.463227443979999 0.380608118769 27.2539049587 0.331751927324 49.1084561768 0.5148528606230001 66.6408377441 1.0249851744299998 77.2747465752 1.42691183563 105.285386062 3.8761891742 129.04549689700002 4.22417220233 101.152130894 5.53011653613 53.2647314698 1.77440474748 27.9909614002 1.2446868519399998 14.6272960925 1.7001213090299998 12.8278723114 5.0100876693 52.2381562022 2.12169888387 29.1081515201 1.6230689031 19.2940371764 2.11886200515 13.3998004491 1.17348775028 4.73323237554 1.4319283966099998 -6.1681850214 24.3198530899 NaN NaN NaN NaN 70.1503607325 348.913428124 45.3804358462 250.321907302 10.4661696189 54.5190199937 10.7143005461 49.3563478267 12.8783179443 28.7572112552
NGC5577 0 19.23091374 1.9758064725 0.0953927526766 3.08281759461 0.107673875978 10.6587285034 0.736485343639 30.4000309505 0.652530441588 50.256339569800005 0.931881703488 66.1803435564 2.5319420245 74.71465106980001 5.183588069420001 106.812783203 10.6723474642 111.245213496 25.992524824 95.6080652932 18.5865158757 48.2516899358 1.82173801502 28.4322146869 2.51803769663 76.6367461698 5.93128494793 74.4689821806 14.1026079591 45.4567195924 1.82327160377 NaN NaN NaN NaN NaN NaN 82.7070711142 5.76822424824 NaN NaN NaN NaN NaN NaN 2434.83307069 489.408692091 3329.01280252 622.2896339810001 3029.08698255 189.226344555 1589.66674632 121.331772161 657.2636431320001 73.8687984492
NGC5584 0 28.18381693 9.91212347182 0.450964807119 13.7026397901 0.3849697221449999 27.9295894178 1.30392848741 69.1400254148 2.93669101405 99.4084933011 2.17562130808 121.647421513 3.46202648549 128.717442876 7.18753228832 191.824576127 24.463150561 339.57672289000004 88.4624939655 244.51012983 44.1935464646 75.7944507053 3.38858203678 46.5207536213 3.61014406103 189.617002695 12.0899878311 330.576919803 22.5236046518 77.28402925270001 3.89320897277 54.1693607469 6.12255921982 79.5901160402 5.32658749956 201.387700554 7.05715599703 311.663286958 79.2049321641 NaN NaN NaN NaN NaN NaN 8235.909321199999 1576.59647392 8287.28904625 1375.7807370399998 6089.80224208 423.580010591 3128.25339676 245.974874892 1316.9961554 124.423079632
UGC09242 0 24.32204885 2.362092509 0.111303585805 2.75157705664 0.0892620459747 5.96471763967 1.73392694079 12.9523990355 0.91260720421 16.908175303300002 1.60220266412 21.1252403432 2.28278352935 23.8870450272 4.6813080508 20.4628711342 13.7165201789 12.3984704394 23.8483569333 -15.9479614547 31.2193833739 10.672911156 1.71876121936 4.49918751896 1.67905823987 10.3817298225 2.34682231449 17.1924173441 7.19661354618 11.0922599581 0.5539299612340001 7.873897897449999 0.390790356579 NaN NaN NaN NaN NaN NaN NaN NaN NaN NaN NaN NaN 355.042870442 230.189597269 934.482344891 391.565869255 502.850042384 137.680052436 281.864056541 103.454464542 104.334557588 71.989272919
NGC5636 0 29.6149645 0.322989053458 0.0218737517783 0.7180259847630001 0.0410864271797 3.33012575748 0.309592139167 15.1877313782 0.337778850639 28.4226172457 0.804112507927 39.3533841424 1.00347093405 40.3660796565 1.6293335342 49.4328194578 6.78480147908 57.5808761073 12.5492773836 44.2205167839 12.3056767872 28.7258928597 1.02471580902 15.7028422586 0.972086605606 19.0210578098 1.97766930668 24.2487437111 4.31997120822 27.0328149103 1.44943333652 17.3527190789 0.718645489286 NaN NaN NaN NaN NaN NaN NaN NaN NaN NaN NaN NaN 900.415885624 434.694080399 1007.44734047 392.270380396 679.926418553 83.2612463049 351.49330461 50.9241128066 146.49148063500002 34.4338199669
UGC09310 0 30.2 0.8314188136999999 0.0575182709165 1.52717874289 0.0641852596544 3.13744657126 0.8630873233140001 8.00005159044 0.641454771254 12.3359589324 0.838215273993 17.1114418517 2.68586253906 13.309202989 3.67861538636 34.037042061300006 15.964312345800002 31.8839659242 29.2654597953 22.0999756523 32.2533549826 18.8357939639 1.66230626708 10.2424291577 1.4068498860099998 9.87602869269 2.88738987162 15.208218662 6.99080526712 8.93152800062 1.24233601328 6.3418267336100005 0.672061079521 NaN NaN NaN NaN NaN NaN NaN NaN NaN NaN NaN NaN 158.830351052 550.7402843159999 -637.852632568 459.3625202 493.794623057 113.373070612 354.37169966100004 95.0056931884 176.928720776 53.552750641900005
NGC5645 0 14.92795314 5.34075985106 0.242363123772 8.17144211316 0.2304088834229999 18.5792632555 1.25568657584 46.6720669214 0.788860154338 67.6536821563 0.9867242403910002 81.8530073798 2.01802995841 88.58149137769999 4.57597233285 133.570217441 21.288028931 219.673206018 67.6385301711 148.97150428799998 36.709146585300005 50.4511177946 2.22502572991 25.8113278445 2.08206843 82.4278157298 6.9047781473 156.119933552 14.310741322399998 47.2887387075 1.95156180855 32.5682807485 2.0159617142400004 NaN NaN NaN NaN NaN NaN NaN NaN NaN NaN NaN NaN 4322.05017185 1111.1802905799998 4911.784446240001 1805.66074726 3434.46735264 219.058184575 1757.95922775 124.502638645 663.155182536 68.3727636896
NGC5669 0 14.65547468 11.5762337611 0.693333532368 14.8256130327 0.4183648472649999 26.3252270615 1.6215541933900002 62.90971065790001 1.17143806493 86.3357511936 1.37110381074 104.644154536 3.08730940118 104.61802209 10.4296105658 137.05968648299998 16.473396687 135.598678902 88.790870868 109.64466316 34.9910304467 59.3202522334 2.75534863519 33.608866730100004 4.51531179114 114.991599395 13.2329379156 200.839296634 28.2292294845 67.81958971819999 3.72051600571 NaN NaN 83.92405663150001 5.34127063678 NaN NaN 196.750826559 12.0978029858 NaN NaN NaN NaN NaN NaN 7885.11693479 1390.19399592 7230.75663228 1599.54484915 4865.95805764 313.852261527 2545.08063152 212.629755333 1082.7740017800002 122.175042947
NGC5668 0 26.9 14.5158522246 0.6570095674040001 19.2189761983 0.5289710661479999 31.3403909232 1.0991751479599998 73.5413750002 1.42884880852 98.9036101031 2.52579759344 115.813119231 4.65295626744 114.860386875 5.99835467817 133.402560384 30.6578408365 -7.02749005212 149.47959347 -15.6618856399 66.4991735675 76.427559915 4.13774306344 44.9658593686 5.40418521316 199.921044214 13.3736363514 288.956842866 29.6785801026 NaN NaN NaN NaN NaN NaN NaN NaN NaN NaN NaN NaN NaN NaN NaN NaN 9150.73426377 3119.19031464 11398.7199642 2861.43402954 6546.491192310001 538.0099627469999 3408.37898653 292.563029242 1508.24881627 157.498920665
NGC5690 0 19.49844428 2.13502157205 0.0995301716758 4.11576022148 0.140277214869 29.7029627657 8.22684995326 58.009404977 2.15149608855 82.737656849 4.81860302863 116.49092396 6.21802117488 151.924206259 8.50722950518 132.80803678799998 60.19334297859999 159.379958919 191.997236212 126.47926999 92.0631250599 125.417204409 4.20414811461 79.2365513422 3.40505476308 475.04565222 22.393146473 636.5962823780001 37.5422157961 NaN NaN NaN NaN NaN NaN NaN NaN 604.819553488 32.1853959207 NaN NaN NaN NaN NaN NaN 20189.995211700003 2059.36665266 23182.982078 2192.46237834 11863.692315 682.1007325319999 5221.825048420001 320.38486579 1938.46427506 127.868585052
NGC5691 0 30.2 4.13672444358 0.187955798742 6.368709458460001 0.181995063047 15.6043291389 0.47989235975 40.7668744308 0.691268169035 60.6595010604 0.809133141507 74.9057878179 1.4508426953 80.83942044540001 3.30237356152 116.383810582 13.8944572315 157.699683056 43.5780306657 128.0356149 21.0093146713 53.0889692778 1.99183502605 33.932413987 1.79769667544 158.017512582 8.06931558552 314.042554051 19.3811979722 52.2674898481 2.05247208761 36.6612230012 1.74225461931 78.68191475649999 3.97481120345 180.317373437 5.90025648201 291.174994796 20.3939151514 NaN NaN NaN NaN NaN NaN 8585.724124080001 1009.50042011 7368.051765059999 787.0509451089999 3014.95667827 200.094275348 1311.2379561 106.777698164 454.734325814 55.3766650719
NGC5701 0 26.1 3.1311735408600003 0.150762917421 4.76321294464 0.154005497561 31.270542831400004 1.23319266918 108.94461889 1.5072362471899998 202.423557012 2.12916690386 292.038153923 3.76075261738 360.885871961 6.8153344273 526.7786705760001 22.4384208499 787.8341243330001 90.3099770628 445.013504353 38.9051579948 223.978768975 7.51235092912 118.286648445 5.86926562384 90.3500432324 7.75386504441 65.0108396035 26.4597264934 NaN NaN NaN NaN NaN NaN NaN NaN NaN NaN NaN NaN NaN NaN NaN NaN 3457.29354172 3768.74704083 2389.46581825 2340.8610699 3240.10107767 387.214388867 1905.03273084 213.618855519 869.748598687 205.095087188
NGC5705 0 20.89296957 4.16913332058 0.189109804355 5.509270325209999 0.160118177114 10.1592997285 0.7040316284620001 25.6826200665 0.621959204463 36.2458711239 1.19033231179 46.9431875117 1.77832538636 43.4736624993 4.06894739087 58.7839277088 14.939121844 56.2647995421 52.4994980425 39.616154663 24.4348521135 26.6517364126 1.37676233409 15.1167485603 1.61409756647 35.703227817999995 2.99606747781 55.8671559528 7.4259474277 NaN NaN NaN NaN NaN NaN NaN NaN NaN NaN NaN NaN NaN NaN NaN NaN 1479.45008373 965.787996701 1901.27276073 679.234143414 1947.59368103 173.052846343 1223.85049037 121.541666611 614.5289397680001 79.4945250168
NGC5713 0 13.74042011 4.80337859006 0.222491902312 10.0807121983 0.283426184934 34.0746125491 1.42053834995 101.225623352 1.22390459113 167.350293124 2.11607714513 212.720854031 4.88384146927 232.56330744 7.95615579353 355.242843108 35.9982018046 392.535454082 59.3510870045 334.350349015 32.221677362600005 196.207482463 6.14409801655 130.427483973 5.09172853594 1089.91915732 50.6956940756 2398.71456425 134.925683823 NaN NaN NaN NaN NaN NaN NaN NaN 2382.65819456 119.758199775 NaN NaN NaN NaN 29749.6541611 2552.47279875 43927.1526755 3201.82210709 41662.422820700005 3124.9237922800003 16865.0460217 946.716291984 6637.36214677 394.898885309 2210.36696698 161.398704272
NGC5719 0 26.4240834 0.5372360020810001 0.0369538711682 1.08486799563 0.0625161908998 10.0206014028 0.903635412147 46.0594822711 0.5717896981349999 102.000549941 1.28734674101 156.64607564 2.6371505726 204.637016349 3.78447579232 328.303461624 11.3753706256 444.2940726 25.8501861226 359.88076727500004 22.4473297228 192.686315926 5.72150401451 115.946694142 4.218039484969999 420.024688297 19.6088909939 684.060526427 38.7593605362 186.725270621 5.67428780937 125.199951092 3.82091475301 NaN NaN NaN NaN 668.609088083 40.9071757253 NaN NaN NaN NaN NaN NaN 19769.4756093 1523.37369294 20552.6300989 1488.49303347 10104.703918 563.8081073520001 4322.13284176 253.759647609 1564.97854032 109.281197088
UGC09470 0 31.21245221 1.26399757893 0.0595729682461 1.61657366498 0.0518794690073999 2.48288655365 0.387545466159 6.03174285101 0.340778810749 8.6285934153 0.4577683485179999 9.36150457247 1.33247503565 9.88938603408 1.7686552504900002 14.0963071631 6.272674192239999 54.5995642139 35.3052027375 6.95837028346 10.4657253945 6.55744409316 0.87397029042 3.81083032556 0.729420143184 5.39777547533 1.57159260196 16.0905992394 5.399792791119999 6.62603888763 1.04798856418 4.71070720635 0.753296574685 NaN NaN NaN NaN NaN NaN NaN NaN NaN NaN NaN NaN 695.4331096039999 317.123021286 623.6170417430001 258.306666925 321.63155993600003 90.9425834004 215.915037496 61.4451923824 101.670974817 34.8054410926
UGC09482 0 39.26452423 0.432403129645 0.0271875717777 0.733696010429 0.0375181406092 1.76765739974 0.339054862116 3.5322455464 0.303130250384 5.56364557897 0.611839461498 6.43220703995 1.17081694316 7.60380609604 2.3112766377900003 6.04062731215 7.22313730216 -0.446853157289 16.028595579 5.00615838742 11.6093513924 2.8892963567 0.8229503520229999 1.4312594775899998 0.941749910678 2.05942676247 2.43354955593 2.76688122018 4.6050193164 4.22909110195 0.930111106992 2.85969086617 0.727729372522 NaN NaN NaN NaN NaN NaN NaN NaN NaN NaN NaN NaN 344.724904274 426.630926824 -241.155525457 370.444028882 160.872844157 80.0426002839 99.2501283224 59.367162773 18.807213281 33.692783320699995
NGC5740 0 29.24156128 NaN NaN 5.67981791586 0.163618483568 15.9378140461 2.65728806961 49.1409733867 0.905874366249 85.5045107385 1.85533322669 115.95997669 2.95973958058 140.44709142 3.24214126692 200.547247891 12.4366133908 297.926790723 34.9402850989 197.159822031 18.5640455099 100.56321037 3.39407906813 56.444128798 2.34734144857 212.813701784 10.6542274304 337.025199819 21.3830122433 96.2158716251 3.13772994912 64.8659310899 2.09472103935 NaN NaN NaN NaN 315.89712419100005 17.2302293788 NaN NaN NaN NaN NaN NaN 9805.4756343 1424.93340939 8213.220562909999 1248.0348277 5025.51682698 313.456121501 2266.2089962600003 173.05540254 896.506301052 102.346917586
NGC5750 0 29.7 1.3066737385999998 0.0675344067410999 2.394977461 0.0879292294416 15.8911913309 0.731238407745 63.8748345516 1.08007217675 120.453215377 1.5956174775599998 170.346126479 2.89051030191 207.366674336 4.16448970848 302.093352469 22.0603336132 381.734669882 38.2296751846 302.050292571 34.8204468135 138.630105525 4.33113329709 73.5728086461 2.8725041088 69.3085515868 6.79113354139 47.7723599745 11.4744888798 NaN NaN NaN NaN NaN NaN NaN NaN NaN NaN NaN NaN NaN NaN NaN NaN 5712.99633723 1304.90988649 4921.18283801 963.722097336 2560.52256426 214.398484262 1125.74728213 140.39848723600002 379.102595936 67.45153085369999
NGC5866 0 14.45439263 1.11430355955 0.248974960526 4.89324132955 0.307608393531 63.5451411561 14.7095478547 274.73425366 4.82602755552 527.5266590399999 10.0250881073 780.6712471740001 30.4025808257 926.409183591 33.2180357353 1277.6434873 92.0188129142 1833.14868328 272.213794751 1411.30319532 165.493098769 684.162641867 20.6618205839 380.672221106 14.0986299683 303.614615763 20.461200995 272.10810113900004 36.3944576975 NaN NaN NaN NaN NaN NaN NaN NaN 232.866613875 17.231763384900002 NaN NaN NaN NaN 8680.43628497 3507.63319213 11473.0296885 3865.67953257 17358.6825605 2580.94795989 7980.742536090001 629.8595822579999 3641.23655424 414.873904678 1042.79093724 241.656376035
NGC5907 0 17.21868817 8.61228509897 1.14069603291 12.8447038945 0.706780928025 48.0894789024 12.1837707167 177.61804066699997 5.835038062570001 342.158101291 12.6737999933 506.078382842 15.8603529968 682.257297021 32.0710851233 1128.00742149 104.993610482 1598.57923742 137.365154413 1477.55363821 214.79185527 780.098502174 23.057432636 474.230448803 16.478484443299998 1647.51910213 79.9976395362 1921.54018836 114.515933034 776.641306067 23.339690047 533.954192439 16.0490943302 808.9461675450001 28.4030482337 1757.28595009 53.3790733655 1760.91647416 88.167616332 NaN NaN NaN NaN NaN NaN 63167.7688368 4464.30564892 93321.7022452 6551.38677283 55649.1630358 3062.25350393 25814.0801112 1423.11060616 10190.0349699 562.535723019
NGC6143 0 78.57728017 1.30886245326 0.0622165088794 2.04099350611 0.0649786683615 4.6340191957800005 0.800343148485 14.337235302 2.18469482329 23.0775597528 4.06711500374 29.6906510447 7.51899471027 32.0886054054 6.2185448838 27.9304492773 8.96016409013 39.5765080847 20.1949779828 22.5150140679 13.6856972339 21.5563526257 0.957635656188 12.7853581425 0.858629771377 68.55724617460001 3.45075836879 94.5362763563 6.857822800659999 22.2435340949 1.00804910126 15.0893751673 0.904044926608 28.4857870503 5.27349566868 81.86734343229999 3.88344983442 91.3883033552 5.46981065733 1080.89644156 112.228284984 3688.09211025 451.956628758 NaN NaN 1729.4711145699998 615.600949835 3338.0151428 678.670789255 1882.96698106 122.377489668 866.997663154 79.0703537452 315.26444257 44.7632725219
NGC7331 0 14.52110623 14.5598557765 2.8342079248200003 28.9291620675 2.07208623397 148.887340713 16.880599255099998 545.51145818 31.7695071599 1047.83297842 41.1534040309 1490.09796726 39.5374957175 1984.60420735 116.003976542 2548.49231002 71.49258086389999 3092.33520287 1023.11005043 2926.277941 316.345904109 1593.35848012 47.911996185300005 949.798997782 33.7981685755 3759.84468223 180.498792805 4608.70296 284.05462 1517.56809969 47.6977003061 1079.24777396 33.1404187503 1648.95670958 64.9076784806 3947.49590096 119.376585279 3784.97154446 201.553420034 NaN NaN NaN NaN 66906.9134015 5901.92727322 140295.18454000002 10244.4580652 179243.286899 12739.54398 91165.5171938 5095.78925936 41113.79015379999 2321.22126613 15190.9784354 871.7041503329999
